Workbook

Sheet ReturnData
A1: Date | B1: Food | C1: Mines | D1: Oil | E1: Clths | F1: Durbl | G1: Chems | H1: Cnsum | I1: Cnstr | J1: Steel | K1: FabPr | L1: Machn | M1: Cars | N1: Trans | O1: Utils | P1: Rtail | Q1: Finan
A2: 197401 | B2: 0.0155 | C2: 0.05 | D2: -0.085 | E2: 0.1032 | F2: -0.018 | G2: 0.0191 | H2: -0.0177 | I2: 0.0623 | J2: 0.049 | K2: -0.0059 | L2: -0.0038 | M2: 0.1175 | N2: 0.0296 | O2: 0.0455 | P2: 0.0675 | Q2: 0.003
A3: 197402 | B3: 0.0013 | C3: 0.0214 | D3: -0.0135 | E3: 0.0129 | F3: -0.0329 | G3: 0.0193 | H3: -0.0136 | I3: 0.0383 | J3: 0.0344 | K3: -0.0031 | L3: -0.0061 | M3: -0.0034 | N3: 0.0695 | O3: 0.0029 | P3: 0.0065 | Q3: 0.0059
A4: 197403 | B4: -0.0238 | C4: -0.0457 | D4: -0.0355 | E4: 0.0064 | F4: -0.0047 | G4: 0.0156 | H4: 0.002 | I4: -0.0066 | J4: -0.0266 | K4: -0.0342 | L4: -0.0283 | M4: 0.0027 | N4: -0.0502 | O4: -0.0364 | P4: -0.0364 | Q4: -0.0412
A5: 197404 | B5: -0.0338 | C5: -0.0716 | D5: -0.0678 | E5: -0.0261 | F5: -0.0552 | G5: 0.0099 | H5: -0.0148 | I5: -0.0444 | J5: 0.0018 | K5: -0.0607 | L5: -0.0339 | M5: -0.0279 | N5: -0.0352 | O5: -0.1219 | P5: -0.0187 | Q5: -0.0684
A6: 197405 | B6: -0.0394 | C6: -0.0784 | D6: -0.0756 | E6: -0.0692 | F6: 0.0018 | G6: -0.0011 | H6: 0.0104 | I6: -0.0675 | J6: -0.0887 | K6: -0.1141 | L6: -0.0463 | M6: 0.0283 | N6: -0.0514 | O6: -0.049 | P6: 0.0189 | Q6: -0.1008
A7: 197406 | B7: -0.0046 | C7: 0.0077 | D7: 0.0008 | E7: -0.0256 | F7: -0.0182 | G7: 0.005 | H7: -0.0051 | I7: -0.0468 | J7: 0.03 | K7: -0.0207 | L7: -0.0263 | M7: -0.0338 | N7: -0.0115 | O7: -0.0618 | P7: -0.0255 | Q7: -0.0681
A8: 197407 | B8: -0.1219 | C8: 0.0494 | D8: -0.0083 | E8: -0.033 | F8: -0.1377 | G8: -0.0437 | H8: -0.1287 | I8: -0.0547 | J8: 0.0398 | K8: -0.07 | L8: -0.0778 | M8: -0.1201 | N8: -0.0653 | O8: 0.0077 | P8: -0.1376 | Q8: -0.0723
A9: 197408 | B9: -0.1218 | C9: -0.0914 | D9: -0.0851 | E9: -0.0618 | F9: -0.1057 | G9: -0.1113 | H9: -0.0817 | I9: -0.0946 | J9: -0.0799 | K9: -0.0814 | L9: -0.0679 | M9: -0.0396 | N9: -0.0938 | O9: -0.0862 | P9: -0.1358 | Q9: -0.1176
A10: 197409 | B10: -0.1346 | C10: -0.1234 | D10: -0.0799 | E10: -0.097 | F10: -0.1826 | G10: -0.1022 | H10: -0.1505 | I10: -0.1067 | J10: -0.0814 | K10: -0.092 | L10: -0.1596 | M10: -0.0994 | N10: -0.0872 | O10: -0.0131 | P10: -0.1257 | Q10: -0.0712
A11: 197410 | B11: 0.1888 | C11: 0.2227 | D11: 0.215 | E11: 0.0476 | F11: 0.1323 | G11: 0.1794 | H11: 0.2897 | I11: 0.1458 | J11: 0.0981 | K11: 0.1491 | L11: 0.1772 | M11: -0.0301 | N11: 0.1563 | O11: 0.1301 | P11: 0.0895 | Q11: 0.2103
A12: 197411 | B12: -0.035 | C12: -0.0168 | D12: -0.0415 | E12: -0.1281 | F12: -0.0726 | G12: -0.1008 | H12: -0.002 | I12: -0.0553 | J12: -0.014 | K12: 0.0028 | L12: -0.0475 | M12: -0.0629 | N12: -0.051 | O12: -0.0013 | P12: -0.0598 | Q12: -0.0212
A13: 197412 | B13: -0.0039 | C13: -0.0595 | D13: 0.012 | E13: -0.0271 | F13: -0.0756 | G13: -0.0378 | H13: -0.0228 | I13: -0.054 | J13: -0.0383 | K13: -0.0034 | L13: -0.0507 | M13: 0.0033 | N13: -0.0601 | O13: -0.0081 | P13: -0.0342 | Q13: -0.0267
... A613: 202412 | B613: -0.048 | C613: -0.1198 | D613: -0.0874 | E613: 0.0139 | F613: -0.0566 | G613: -0.1104 | H613: -0.0541 | I613: -0.1218 | J613: -0.1799 | K613: -0.0903 | L613: -0.0019 | M613: 0.0981 | N613: -0.0665 | O613: -0.0778 | P613: 0.006 | Q613: -0.0733

Sheet Momentum Signal
A1: Date | B1: Food | C1: Mines | D1: Oil | E1: Clths | F1: Durbl | G1: Chems | H1: Cnsum | I1: Cnstr | J1: Steel | K1: FabPr | L1: Machn | M1: Cars | N1: Trans | O1: Utils | P1: Rtail | Q1: Finan
A2: =ReturnData!A14 -> 197501 | B2: =AVERAGE(ReturnData!B2:B12) -> -0.028118182 | C2: =AVERAGE(ReturnData!C2:C12) -> -0.0069181818 | D2: =AVERAGE(ReturnData!D2:D12) -> -0.025127273 | E2: =AVERAGE(ReturnData!E2:E12) -> -0.024609091 | F2: =AVERAGE(ReturnData!F2:F12) -> -0.044863636 | G2: =AVERAGE(ReturnData!G2:G12) -> -0.010072727 | H2: =AVERAGE(ReturnData!H2:H12) -> -0.010181818 | I2: =AVERAGE(ReturnData!I2:I12) -> -0.020927273 | ... Q2: =AVERAGE(ReturnData!Q2:Q12) -> -0.031054545
A3: =ReturnData!A15 -> 197502 | B3: =AVERAGE(ReturnData!B3:B13) -> -0.029881818 | C3: =AVERAGE(ReturnData!C3:C13) -> -0.016872727 | D3: =AVERAGE(ReturnData!D3:D13) -> -0.016309091 | E3: =AVERAGE(ReturnData!E3:E13) -> -0.036454545 | F3: =AVERAGE(ReturnData!F3:F13) -> -0.0501 | G3: =AVERAGE(ReturnData!G3:G13) -> -0.015245455 | H3: =AVERAGE(ReturnData!H3:H13) -> -0.010645455 | I3: =AVERAGE(ReturnData!I3:I13) -> -0.0315 | ... Q3: =AVERAGE(ReturnData!Q3:Q13) -> -0.033754545
A4: =ReturnData!A16 -> 197503 | B4: =AVERAGE(ReturnData!B4:B14) -> -0.011727273 | C4: =AVERAGE(ReturnData!C4:C14) -> -0.0080727273 | D4: =AVERAGE(ReturnData!D4:D14) -> -0.010645455 | E4: =AVERAGE(ReturnData!E4:E14) -> -0.013827273 | F4: =AVERAGE(ReturnData!F4:F14) -> -0.028690909 | G4: =AVERAGE(ReturnData!G4:G14) -> -0.0077181818 | H4: =AVERAGE(ReturnData!H4:H14) -> -0.0072818182 | I4: =AVERAGE(ReturnData!I4:I14) -> -0.011254545 | ... Q4: =AVERAGE(ReturnData!Q4:Q14) -> -0.018590909
A5: =ReturnData!A17 -> 197504 | B5: =AVERAGE(ReturnData!B5:B15) -> -0.0046181818 | C5: =AVERAGE(ReturnData!C5:C15) -> 0.0012909091 | D5: =AVERAGE(ReturnData!D5:D15) -> -0.0052272727 | E5: =AVERAGE(ReturnData!E5:E15) -> -0.012927273 | F5: =AVERAGE(ReturnData!F5:F15) -> -0.016309091 | G5: =AVERAGE(ReturnData!G5:G15) -> -0.00085454545 | H5: =AVERAGE(ReturnData!H5:H15) -> 0.0027818182 | I5: =AVERAGE(ReturnData!I5:I15) -> -0.0076090909 | ... Q5: =AVERAGE(ReturnData!Q5:Q15) -> -0.0146
A6: =ReturnData!A18 -> 197505 | B6: =AVERAGE(ReturnData!B6:B16) -> 0.0035090909 | C6: =AVERAGE(ReturnData!C6:C16) -> 0.016036364 | D6: =AVERAGE(ReturnData!D6:D16) -> -0.0010090909 | E6: =AVERAGE(ReturnData!E6:E16) -> 0.0036272727 | F6: =AVERAGE(ReturnData!F6:F16) -> -0.0068636364 | G6: =AVERAGE(ReturnData!G6:G16) -> 0.0037 | H6: =AVERAGE(ReturnData!H6:H16) -> 0.0061 | I6: =AVERAGE(ReturnData!I6:I16) -> 0.0041090909 | ... Q6: =AVERAGE(ReturnData!Q6:Q16) -> -0.0061
A7: =ReturnData!A19 -> 197506 | B7: =AVERAGE(ReturnData!B7:B17) -> 0.008 | C7: =AVERAGE(ReturnData!C7:C17) -> 0.032427273 | D7: =AVERAGE(ReturnData!D7:D17) -> 0.0126 | E7: =AVERAGE(ReturnData!E7:E17) -> 0.016545455 | F7: =AVERAGE(ReturnData!F7:F17) -> 0.00069090909 | G7: =AVERAGE(ReturnData!G7:G17) -> 0.018590909 | H7: =AVERAGE(ReturnData!H7:H17) -> 0.0064454545 | I7: =AVERAGE(ReturnData!I7:I17) -> 0.013290909 | ... Q7: =AVERAGE(ReturnData!Q7:Q17) -> 0.0042909091
A8: =ReturnData!A20 -> 197507 | B8: =AVERAGE(ReturnData!B8:B18) -> 0.014309091 | C8: =AVERAGE(ReturnData!C8:C18) -> 0.038854545 | D8: =AVERAGE(ReturnData!D8:D18) -> 0.023936364 | E8: =AVERAGE(ReturnData!E8:E18) -> 0.021618182 | F8: =AVERAGE(ReturnData!F8:F18) -> 0.0030181818 | G8: =AVERAGE(ReturnData!G8:G18) -> 0.018372727 | H8: =AVERAGE(ReturnData!H8:H18) -> 0.012509091 | I8: =AVERAGE(ReturnData!I8:I18) -> 0.022418182 | ... Q8: =AVERAGE(ReturnData!Q8:Q18) -> 0.016309091
A9: =ReturnData!A21 -> 197508 | B9: =AVERAGE(ReturnData!B9:B19) -> 0.029818182 | C9: =AVERAGE(ReturnData!C9:C19) -> 0.038281818 | D9: =AVERAGE(ReturnData!D9:D19) -> 0.0308 | E9: =AVERAGE(ReturnData!E9:E19) -> 0.032436364 | F9: =AVERAGE(ReturnData!F9:F19) -> 0.019018182 | G9: =AVERAGE(ReturnData!G9:G19) -> 0.026272727 | H9: =AVERAGE(ReturnData!H9:H19) -> 0.025481818 | I9: =AVERAGE(ReturnData!I9:I19) -> 0.032445455 | ... Q9: =AVERAGE(ReturnData!Q9:Q19) -> 0.028654545
A10: =ReturnData!A22 -> 197509 | B10: =AVERAGE(ReturnData!B10:B20) -> 0.036045455 | C10: =AVERAGE(ReturnData!C10:C20) -> 0.043090909 | D10: =AVERAGE(ReturnData!D10:D20) -> 0.034563636 | E10: =AVERAGE(ReturnData!E10:E20) -> 0.034836364 | F10: =AVERAGE(ReturnData!F10:F20) -> 0.021509091 | G10: =AVERAGE(ReturnData!G10:G20) -> 0.032281818 | H10: =AVERAGE(ReturnData!H10:H20) -> 0.023136364 | I10: =AVERAGE(ReturnData!I10:I20) -> 0.035827273 | ... Q10: =AVERAGE(ReturnData!Q10:Q20) -> 0.032690909
A11: =ReturnData!A23 -> 197510 | B11: =AVERAGE(ReturnData!B11:B21) -> 0.046118182 | C11: =AVERAGE(ReturnData!C11:C21) -> 0.0477 | D11: =AVERAGE(ReturnData!D11:D21) -> 0.041309091 | E11: =AVERAGE(ReturnData!E11:E21) -> 0.039781818 | F11: =AVERAGE(ReturnData!F11:F21) -> 0.034881818 | G11: =AVERAGE(ReturnData!G11:G21) -> 0.043372727 | H11: =AVERAGE(ReturnData!H11:H21) -> 0.033018182 | I11: =AVERAGE(ReturnData!I11:I21) -> 0.044263636 | ... Q11: =AVERAGE(ReturnData!Q11:Q21) -> 0.033581818
A12: =ReturnData!A24 -> 197511 | B12: =AVERAGE(ReturnData!B12:B22) -> 0.026063636 | C12: =AVERAGE(ReturnData!C12:C22) -> 0.025018182 | D12: =AVERAGE(ReturnData!D12:D22) -> 0.020790909 | E12: =AVERAGE(ReturnData!E12:E22) -> 0.036072727 | F12: =AVERAGE(ReturnData!F12:F22) -> 0.019072727 | G12: =AVERAGE(ReturnData!G12:G22) -> 0.019345455 | H12: =AVERAGE(ReturnData!H12:H22) -> 0.0023272727 | I12: =AVERAGE(ReturnData!I12:I22) -> 0.025063636 | ... Q12: =AVERAGE(ReturnData!Q12:Q22) -> 0.0076363636
A13: =ReturnData!A25 -> 197512 | B13: =AVERAGE(ReturnData!B13:B23) -> 0.039945455 | C13: =AVERAGE(ReturnData!C13:C23) -> 0.021990909 | D13: =AVERAGE(ReturnData!D13:D23) -> 0.023227273 | E13: =AVERAGE(ReturnData!E13:E23) -> 0.057372727 | F13: =AVERAGE(ReturnData!F13:F23) -> 0.033654545 | G13: =AVERAGE(ReturnData!G13:G23) -> 0.034718182 | H13: =AVERAGE(ReturnData!H13:H23) -> 0.011345455 | I13: =AVERAGE(ReturnData!I13:I23) -> 0.033872727 | ... Q13: =AVERAGE(ReturnData!Q13:Q23) -> 0.014136364
... A601: =ReturnData!A613 -> 202412 | B601: =AVERAGE(ReturnData!B601:B611) -> 0.0067454545 | C601: =AVERAGE(ReturnData!C601:C611) -> 0.025136364 | D601: =AVERAGE(ReturnData!D601:D611) -> 0.0048090909 | E601: =AVERAGE(ReturnData!E601:E611) -> -0.0093 | F601: =AVERAGE(ReturnData!F601:F611) -> 0.0087454545 | G601: =AVERAGE(ReturnData!G601:G611) -> 0.010572727 | H601: =AVERAGE(ReturnData!H601:H611) -> 0.015981818 | I601: =AVERAGE(ReturnData!I601:I611) -> 0.028736364 | ... Q601: =AVERAGE(ReturnData!Q601:Q611) -> 0.0249

Sheet Monthly Ranks
A1: Date | B1: Food | C1: Mines | D1: Oil | E1: Clths | F1: Durbl | G1: Chems | H1: Cnsum | I1: Cnstr | J1: Steel | K1: FabPr | L1: Machn | M1: Cars | N1: Trans | O1: Utils | P1: Rtail | Q1: Finan
A2: ='Momentum Signal'!A2 -> 197501 | B2: =RANK('Momentum Signal'!B2,'Momentum Signal'!$B2:$Q2) -> 11 | C2: =RANK('Momentum Signal'!C2,'Momentum Signal'!$B2:$Q2) -> 2 | D2: =RANK('Momentum Signal'!D2,'Momentum Signal'!$B2:$Q2) -> 10 | E2: =RANK('Momentum Signal'!E2,'Momentum Signal'!$B2:$Q2) -> 9 | F2: =RANK('Momentum Signal'!F2,'Momentum Signal'!$B2:$Q2) -> 16 | G2: =RANK('Momentum Signal'!G2,'Momentum Signal'!$B2:$Q2) -> 3 | H2: =RANK('Momentum Signal'!H2,'Momentum Signal'!$B2:$Q2) -> 4 | I2: =RANK('Momentum Signal'!I2,'Momentum Signal'!$B2:$Q2) -> 7 | ... Q2: =RANK('Momentum Signal'!Q2,'Momentum Signal'!$B2:$Q2) -> 14
A3: ='Momentum Signal'!A3 -> 197502 | B3: =RANK('Momentum Signal'!B3,'Momentum Signal'!$B3:$Q3) -> 9 | C3: =RANK('Momentum Signal'!C3,'Momentum Signal'!$B3:$Q3) -> 5 | D3: =RANK('Momentum Signal'!D3,'Momentum Signal'!$B3:$Q3) -> 4 | E3: =RANK('Momentum Signal'!E3,'Momentum Signal'!$B3:$Q3) -> 14 | F3: =RANK('Momentum Signal'!F3,'Momentum Signal'!$B3:$Q3) -> 16 | G3: =RANK('Momentum Signal'!G3,'Momentum Signal'!$B3:$Q3) -> 3 | H3: =RANK('Momentum Signal'!H3,'Momentum Signal'!$B3:$Q3) -> 1 | I3: =RANK('Momentum Signal'!I3,'Momentum Signal'!$B3:$Q3) -> 10 | ... Q3: =RANK('Momentum Signal'!Q3,'Momentum Signal'!$B3:$Q3) -> 12
A4: ='Momentum Signal'!A4 -> 197503 | B4: =RANK('Momentum Signal'!B4,'Momentum Signal'!$B4:$Q4) -> 8 | C4: =RANK('Momentum Signal'!C4,'Momentum Signal'!$B4:$Q4) -> 5 | D4: =RANK('Momentum Signal'!D4,'Momentum Signal'!$B4:$Q4) -> 6 | E4: =RANK('Momentum Signal'!E4,'Momentum Signal'!$B4:$Q4) -> 10 | F4: =RANK('Momentum Signal'!F4,'Momentum Signal'!$B4:$Q4) -> 16 | G4: =RANK('Momentum Signal'!G4,'Momentum Signal'!$B4:$Q4) -> 4 | H4: =RANK('Momentum Signal'!H4,'Momentum Signal'!$B4:$Q4) -> 3 | I4: =RANK('Momentum Signal'!I4,'Momentum Signal'!$B4:$Q4) -> 7 | ... Q4: =RANK('Momentum Signal'!Q4,'Momentum Signal'!$B4:$Q4) -> 14
A5: ='Momentum Signal'!A5 -> 197504 | B5: =RANK('Momentum Signal'!B5,'Momentum Signal'!$B5:$Q5) -> 6 | C5: =RANK('Momentum Signal'!C5,'Momentum Signal'!$B5:$Q5) -> 3 | D5: =RANK('Momentum Signal'!D5,'Momentum Signal'!$B5:$Q5) -> 7 | E5: =RANK('Momentum Signal'!E5,'Momentum Signal'!$B5:$Q5) -> 13 | F5: =RANK('Momentum Signal'!F5,'Momentum Signal'!$B5:$Q5) -> 16 | G5: =RANK('Momentum Signal'!G5,'Momentum Signal'!$B5:$Q5) -> 5 | H5: =RANK('Momentum Signal'!H5,'Momentum Signal'!$B5:$Q5) -> 2 | I5: =RANK('Momentum Signal'!I5,'Momentum Signal'!$B5:$Q5) -> 11 | ... Q5: =RANK('Momentum Signal'!Q5,'Momentum Signal'!$B5:$Q5) -> 15
A6: ='Momentum Signal'!A6 -> 197505 | B6: =RANK('Momentum Signal'!B6,'Momentum Signal'!$B6:$Q6) -> 8 | C6: =RANK('Momentum Signal'!C6,'Momentum Signal'!$B6:$Q6) -> 1 | D6: =RANK('Momentum Signal'!D6,'Momentum Signal'!$B6:$Q6) -> 12 | E6: =RANK('Momentum Signal'!E6,'Momentum Signal'!$B6:$Q6) -> 7 | F6: =RANK('Momentum Signal'!F6,'Momentum Signal'!$B6:$Q6) -> 16 | G6: =RANK('Momentum Signal'!G6,'Momentum Signal'!$B6:$Q6) -> 6 | H6: =RANK('Momentum Signal'!H6,'Momentum Signal'!$B6:$Q6) -> 4 | I6: =RANK('Momentum Signal'!I6,'Momentum Signal'!$B6:$Q6) -> 5 | ... Q6: =RANK('Momentum Signal'!Q6,'Momentum Signal'!$B6:$Q6) -> 15
A7: ='Momentum Signal'!A7 -> 197506 | B7: =RANK('Momentum Signal'!B7,'Momentum Signal'!$B7:$Q7) -> 10 | C7: =RANK('Momentum Signal'!C7,'Momentum Signal'!$B7:$Q7) -> 2 | D7: =RANK('Momentum Signal'!D7,'Momentum Signal'!$B7:$Q7) -> 8 | E7: =RANK('Momentum Signal'!E7,'Momentum Signal'!$B7:$Q7) -> 4 | F7: =RANK('Momentum Signal'!F7,'Momentum Signal'!$B7:$Q7) -> 15 | G7: =RANK('Momentum Signal'!G7,'Momentum Signal'!$B7:$Q7) -> 3 | H7: =RANK('Momentum Signal'!H7,'Momentum Signal'!$B7:$Q7) -> 12 | I7: =RANK('Momentum Signal'!I7,'Momentum Signal'!$B7:$Q7) -> 5 | ... Q7: =RANK('Momentum Signal'!Q7,'Momentum Signal'!$B7:$Q7) -> 13
A8: ='Momentum Signal'!A8 -> 197507 | B8: =RANK('Momentum Signal'!B8,'Momentum Signal'!$B8:$Q8) -> 12 | C8: =RANK('Momentum Signal'!C8,'Momentum Signal'!$B8:$Q8) -> 1 | D8: =RANK('Momentum Signal'!D8,'Momentum Signal'!$B8:$Q8) -> 4 | E8: =RANK('Momentum Signal'!E8,'Momentum Signal'!$B8:$Q8) -> 6 | F8: =RANK('Momentum Signal'!F8,'Momentum Signal'!$B8:$Q8) -> 16 | G8: =RANK('Momentum Signal'!G8,'Momentum Signal'!$B8:$Q8) -> 7 | H8: =RANK('Momentum Signal'!H8,'Momentum Signal'!$B8:$Q8) -> 13 | I8: =RANK('Momentum Signal'!I8,'Momentum Signal'!$B8:$Q8) -> 5 | ... Q8: =RANK('Momentum Signal'!Q8,'Momentum Signal'!$B8:$Q8) -> 10
A9: ='Momentum Signal'!A9 -> 197508 | B9: =RANK('Momentum Signal'!B9,'Momentum Signal'!$B9:$Q9) -> 7 | C9: =RANK('Momentum Signal'!C9,'Momentum Signal'!$B9:$Q9) -> 1 | D9: =RANK('Momentum Signal'!D9,'Momentum Signal'!$B9:$Q9) -> 6 | E9: =RANK('Momentum Signal'!E9,'Momentum Signal'!$B9:$Q9) -> 4 | F9: =RANK('Momentum Signal'!F9,'Momentum Signal'!$B9:$Q9) -> 16 | G9: =RANK('Momentum Signal'!G9,'Momentum Signal'!$B9:$Q9) -> 12 | H9: =RANK('Momentum Signal'!H9,'Momentum Signal'!$B9:$Q9) -> 13 | I9: =RANK('Momentum Signal'!I9,'Momentum Signal'!$B9:$Q9) -> 3 | ... Q9: =RANK('Momentum Signal'!Q9,'Momentum Signal'!$B9:$Q9) -> 8
A10: ='Momentum Signal'!A10 -> 197509 | B10: =RANK('Momentum Signal'!B10,'Momentum Signal'!$B10:$Q10) -> 4 | C10: =RANK('Momentum Signal'!C10,'Momentum Signal'!$B10:$Q10) -> 1 | D10: =RANK('Momentum Signal'!D10,'Momentum Signal'!$B10:$Q10) -> 7 | E10: =RANK('Momentum Signal'!E10,'Momentum Signal'!$B10:$Q10) -> 6 | F10: =RANK('Momentum Signal'!F10,'Momentum Signal'!$B10:$Q10) -> 16 | G10: =RANK('Momentum Signal'!G10,'Momentum Signal'!$B10:$Q10) -> 11 | H10: =RANK('Momentum Signal'!H10,'Momentum Signal'!$B10:$Q10) -> 14 | I10: =RANK('Momentum Signal'!I10,'Momentum Signal'!$B10:$Q10) -> 5 | ... Q10: =RANK('Momentum Signal'!Q10,'Momentum Signal'!$B10:$Q10) -> 10
A11: ='Momentum Signal'!A11 -> 197510 | B11: =RANK('Momentum Signal'!B11,'Momentum Signal'!$B11:$Q11) -> 2 | C11: =RANK('Momentum Signal'!C11,'Momentum Signal'!$B11:$Q11) -> 1 | D11: =RANK('Momentum Signal'!D11,'Momentum Signal'!$B11:$Q11) -> 7 | E11: =RANK('Momentum Signal'!E11,'Momentum Signal'!$B11:$Q11) -> 8 | F11: =RANK('Momentum Signal'!F11,'Momentum Signal'!$B11:$Q11) -> 14 | G11: =RANK('Momentum Signal'!G11,'Momentum Signal'!$B11:$Q11) -> 5 | H11: =RANK('Momentum Signal'!H11,'Momentum Signal'!$B11:$Q11) -> 16 | I11: =RANK('Momentum Signal'!I11,'Momentum Signal'!$B11:$Q11) -> 4 | ... Q11: =RANK('Momentum Signal'!Q11,'Momentum Signal'!$B11:$Q11) -> 15
A12: ='Momentum Signal'!A12 -> 197511 | B12: =RANK('Momentum Signal'!B12,'Momentum Signal'!$B12:$Q12) -> 4 | C12: =RANK('Momentum Signal'!C12,'Momentum Signal'!$B12:$Q12) -> 9 | D12: =RANK('Momentum Signal'!D12,'Momentum Signal'!$B12:$Q12) -> 10 | E12: =RANK('Momentum Signal'!E12,'Momentum Signal'!$B12:$Q12) -> 2 | F12: =RANK('Momentum Signal'!F12,'Momentum Signal'!$B12:$Q12) -> 13 | G12: =RANK('Momentum Signal'!G12,'Momentum Signal'!$B12:$Q12) -> 12 | H12: =RANK('Momentum Signal'!H12,'Momentum Signal'!$B12:$Q12) -> 16 | I12: =RANK('Momentum Signal'!I12,'Momentum Signal'!$B12:$Q12) -> 8 | ... Q12: =RANK('Momentum Signal'!Q12,'Momentum Signal'!$B12:$Q12) -> 15
A13: ='Momentum Signal'!A13 -> 197512 | B13: =RANK('Momentum Signal'!B13,'Momentum Signal'!$B13:$Q13) -> 4 | C13: =RANK('Momentum Signal'!C13,'Momentum Signal'!$B13:$Q13) -> 14 | D13: =RANK('Momentum Signal'!D13,'Momentum Signal'!$B13:$Q13) -> 13 | E13: =RANK('Momentum Signal'!E13,'Momentum Signal'!$B13:$Q13) -> 1 | F13: =RANK('Momentum Signal'!F13,'Momentum Signal'!$B13:$Q13) -> 7 | G13: =RANK('Momentum Signal'!G13,'Momentum Signal'!$B13:$Q13) -> 5 | H13: =RANK('Momentum Signal'!H13,'Momentum Signal'!$B13:$Q13) -> 16 | I13: =RANK('Momentum Signal'!I13,'Momentum Signal'!$B13:$Q13) -> 6 | ... Q13: =RANK('Momentum Signal'!Q13,'Momentum Signal'!$B13:$Q13) -> 15
... A601: ='Momentum Signal'!A601 -> 202412 | B601: =RANK('Momentum Signal'!B601,'Momentum Signal'!$B601:$Q601) -> 14 | C601: =RANK('Momentum Signal'!C601,'Momentum Signal'!$B601:$Q601) -> 5 | D601: =RANK('Momentum Signal'!D601,'Momentum Signal'!$B601:$Q601) -> 15 | E601: =RANK('Momentum Signal'!E601,'Momentum Signal'!$B601:$Q601) -> 16 | F601: =RANK('Momentum Signal'!F601,'Momentum Signal'!$B601:$Q601) -> 13 | G601: =RANK('Momentum Signal'!G601,'Momentum Signal'!$B601:$Q601) -> 10 | H601: =RANK('Momentum Signal'!H601,'Momentum Signal'!$B601:$Q601) -> 9 | I601: =RANK('Momentum Signal'!I601,'Momentum Signal'!$B601:$Q601) -> 3 | ... Q601: =RANK('Momentum Signal'!Q601,'Momentum Signal'!$B601:$Q601) -> 6

Sheet HighMomentumPortfolio
A1: High Momentum Portfolio Weights | S1: Weights in High Momentum Portfolio * Returns | AK1: Return on High Momentum Portfolio
B2: Food | C2: Mines | D2: Oil | E2: Clths | F2: Durbl | G2: Chems | H2: Cnsum | I2: Cnstr | J2: Steel | K2: FabPr | L2: Machn | M2: Cars | N2: Trans | O2: Utils | P2: Rtail | Q2: Finan | T2: Food | U2: Mines | V2: Oil | W2: Clths | X2: Durbl | Y2: Chems | Z2: Cnsum | AA2: Cnstr | AB2: Steel | AC2: FabPr | AD2: Machn | AE2: Cars | AF2: Trans | AG2: Utils | AH2: Rtail | AI2: Finan | AL2: Return
A3: =ReturnData!A14 -> 197501 | B3: =IF('Monthly Ranks'!B2<=8, 1/8,0) -> 0 | C3: =IF('Monthly Ranks'!C2<=8, 1/8,0) -> 0.125 | D3: =IF('Monthly Ranks'!D2<=8, 1/8,0) -> 0 | E3: =IF('Monthly Ranks'!E2<=8, 1/8,0) -> 0 | F3: =IF('Monthly Ranks'!F2<=8, 1/8,0) -> 0 | G3: =IF('Monthly Ranks'!G2<=8, 1/8,0) -> 0.125 | H3: =IF('Monthly Ranks'!H2<=8, 1/8,0) -> 0.125 | I3: =IF('Monthly Ranks'!I2<=8, 1/8,0) -> 0.125 | ... Q3: =IF('Monthly Ranks'!Q2<=8, 1/8,0) -> 0 | S3: =A3 -> 197501 | T3: =B3*ReturnData!B14 -> 0 | U3: =C3*ReturnData!C14 -> 0.014775 | V3: =D3*ReturnData!D14 -> 0 | W3: =E3*ReturnData!E14 -> 0 | X3: =F3*ReturnData!F14 -> 0 | Y3: =G3*ReturnData!G14 -> 0.0127625 | Z3: =H3*ReturnData!H14 -> 0.002925 | AA3: =I3*ReturnData!I14 -> 0.032625 | ... AI3: =Q3*ReturnData!Q14 -> 0 | AK3: =S3 -> 197501 | AL3: =SUM(T3:AI3) -> 0.1597125
A4: =ReturnData!A15 -> 197502 | B4: =IF('Monthly Ranks'!B3<=8, 1/8,0) -> 0 | C4: =IF('Monthly Ranks'!C3<=8, 1/8,0) -> 0.125 | D4: =IF('Monthly Ranks'!D3<=8, 1/8,0) -> 0.125 | E4: =IF('Monthly Ranks'!E3<=8, 1/8,0) -> 0 | F4: =IF('Monthly Ranks'!F3<=8, 1/8,0) -> 0 | G4: =IF('Monthly Ranks'!G3<=8, 1/8,0) -> 0.125 | H4: =IF('Monthly Ranks'!H3<=8, 1/8,0) -> 0.125 | I4: =IF('Monthly Ranks'!I3<=8, 1/8,0) -> 0 | ... Q4: =IF('Monthly Ranks'!Q3<=8, 1/8,0) -> 0 | S4: =A4 -> 197502 | T4: =B4*ReturnData!B15 -> 0 | U4: =C4*ReturnData!C15 -> 0.0071625 | V4: =D4*ReturnData!D15 -> 0.0030125 | W4: =E4*ReturnData!E15 -> 0 | X4: =F4*ReturnData!F15 -> 0 | Y4: =G4*ReturnData!G15 -> 0.0113875 | Z4: =H4*ReturnData!H15 -> 0.0140875 | AA4: =I4*ReturnData!I15 -> 0 | ... AI4: =Q4*ReturnData!Q15 -> 0 | AK4: =S4 -> 197502 | AL4: =SUM(T4:AI4) -> 0.0532875
A5: =ReturnData!A16 -> 197503 | B5: =IF('Monthly Ranks'!B4<=8, 1/8,0) -> 0.125 | C5: =IF('Monthly Ranks'!C4<=8, 1/8,0) -> 0.125 | D5: =IF('Monthly Ranks'!D4<=8, 1/8,0) -> 0.125 | E5: =IF('Monthly Ranks'!E4<=8, 1/8,0) -> 0 | F5: =IF('Monthly Ranks'!F4<=8, 1/8,0) -> 0 | G5: =IF('Monthly Ranks'!G4<=8, 1/8,0) -> 0.125 | H5: =IF('Monthly Ranks'!H4<=8, 1/8,0) -> 0.125 | I5: =IF('Monthly Ranks'!I4<=8, 1/8,0) -> 0.125 | ... Q5: =IF('Monthly Ranks'!Q4<=8, 1/8,0) -> 0 | S5: =A5 -> 197503 | T5: =B5*ReturnData!B16 -> 0.00695 | U5: =C5*ReturnData!C16 -> 0.011325 | V5: =D5*ReturnData!D16 -> -0.002675 | W5: =E5*ReturnData!E16 -> 0 | X5: =F5*ReturnData!F16 -> 0 | Y5: =G5*ReturnData!G16 -> 0.0075 | Z5: =H5*ReturnData!H16 -> 0.0027125 | AA5: =I5*ReturnData!I16 -> 0.0105625 | ... AI5: =Q5*ReturnData!Q16 -> 0 | AK5: =S5 -> 197503 | AL5: =SUM(T5:AI5) -> 0.0492625
A6: =ReturnData!A17 -> 197504 | B6: =IF('Monthly Ranks'!B5<=8, 1/8,0) -> 0.125 | C6: =IF('Monthly Ranks'!C5<=8, 1/8,0) -> 0.125 | D6: =IF('Monthly Ranks'!D5<=8, 1/8,0) -> 0.125 | E6: =IF('Monthly Ranks'!E5<=8, 1/8,0) -> 0 | F6: =IF('Monthly Ranks'!F5<=8, 1/8,0) -> 0 | G6: =IF('Monthly Ranks'!G5<=8, 1/8,0) -> 0.125 | H6: =IF('Monthly Ranks'!H5<=8, 1/8,0) -> 0.125 | I6: =IF('Monthly Ranks'!I5<=8, 1/8,0) -> 0 | ... Q6: =IF('Monthly Ranks'!Q5<=8, 1/8,0) -> 0 | S6: =A6 -> 197504 | T6: =B6*ReturnData!B17 -> 0.00125 | U6: =C6*ReturnData!C17 -> 0.0127375 | V6: =D6*ReturnData!D17 -> 0.0092625 | W6: =E6*ReturnData!E17 -> 0 | X6: =F6*ReturnData!F17 -> 0 | Y6: =G6*ReturnData!G17 -> 0.0203375 | Z6: =H6*ReturnData!H17 -> 0.001775 | AA6: =I6*ReturnData!I17 -> 0 | ... AI6: =Q6*ReturnData!Q17 -> 0 | AK6: =S6 -> 197504 | AL6: =SUM(T6:AI6) -> 0.0629125
A7: =ReturnData!A18 -> 197505 | B7: =IF('Monthly Ranks'!B6<=8, 1/8,0) -> 0.125 | C7: =IF('Monthly Ranks'!C6<=8, 1/8,0) -> 0.125 | D7: =IF('Monthly Ranks'!D6<=8, 1/8,0) -> 0 | E7: =IF('Monthly Ranks'!E6<=8, 1/8,0) -> 0.125 | F7: =IF('Monthly Ranks'!F6<=8, 1/8,0) -> 0 | G7: =IF('Monthly Ranks'!G6<=8, 1/8,0) -> 0.125 | H7: =IF('Monthly Ranks'!H6<=8, 1/8,0) -> 0.125 | I7: =IF('Monthly Ranks'!I6<=8, 1/8,0) -> 0.125 | ... Q7: =IF('Monthly Ranks'!Q6<=8, 1/8,0) -> 0 | S7: =A7 -> 197505 | T7: =B7*ReturnData!B18 -> 0.0081 | U7: =C7*ReturnData!C18 -> 0.0098 | V7: =D7*ReturnData!D18 -> 0 | W7: =E7*ReturnData!E18 -> 0.003775 | X7: =F7*ReturnData!F18 -> 0 | Y7: =G7*ReturnData!G18 -> 0.000325 | Z7: =H7*ReturnData!H18 -> 0.0077 | AA7: =I7*ReturnData!I18 -> 0.0067 | ... AI7: =Q7*ReturnData!Q18 -> 0 | AK7: =S7 -> 197505 | AL7: =SUM(T7:AI7) -> 0.0406625
A8: =ReturnData!A19 -> 197506 | B8: =IF('Monthly Ranks'!B7<=8, 1/8,0) -> 0 | C8: =IF('Monthly Ranks'!C7<=8, 1/8,0) -> 0.125 | D8: =IF('Monthly Ranks'!D7<=8, 1/8,0) -> 0.125 | E8: =IF('Monthly Ranks'!E7<=8, 1/8,0) -> 0.125 | F8: =IF('Monthly Ranks'!F7<=8, 1/8,0) -> 0 | G8: =IF('Monthly Ranks'!G7<=8, 1/8,0) -> 0.125 | H8: =IF('Monthly Ranks'!H7<=8, 1/8,0) -> 0 | I8: =IF('Monthly Ranks'!I7<=8, 1/8,0) -> 0.125 | ... Q8: =IF('Monthly Ranks'!Q7<=8, 1/8,0) -> 0 | S8: =A8 -> 197506 | T8: =B8*ReturnData!B19 -> 0 | U8: =C8*ReturnData!C19 -> 0.0053875 | V8: =D8*ReturnData!D19 -> 0.0084 | W8: =E8*ReturnData!E19 -> 0.01075 | X8: =F8*ReturnData!F19 -> 0 | Y8: =G8*ReturnData!G19 -> 0.0054 | Z8: =H8*ReturnData!H19 -> 0 | AA8: =I8*ReturnData!I19 -> 0.00695 | ... AI8: =Q8*ReturnData!Q19 -> 0 | AK8: =S8 -> 197506 | AL8: =SUM(T8:AI8) -> 0.062625
A9: =ReturnData!A20 -> 197507 | B9: =IF('Monthly Ranks'!B8<=8, 1/8,0) -> 0 | C9: =IF('Monthly Ranks'!C8<=8, 1/8,0) -> 0.125 | D9: =IF('Monthly Ranks'!D8<=8, 1/8,0) -> 0.125 | E9: =IF('Monthly Ranks'!E8<=8, 1/8,0) -> 0.125 | F9: =IF('Monthly Ranks'!F8<=8, 1/8,0) -> 0 | G9: =IF('Monthly Ranks'!G8<=8, 1/8,0) -> 0.125 | H9: =IF('Monthly Ranks'!H8<=8, 1/8,0) -> 0 | I9: =IF('Monthly Ranks'!I8<=8, 1/8,0) -> 0.125 | ... Q9: =IF('Monthly Ranks'!Q8<=8, 1/8,0) -> 0 | S9: =A9 -> 197507 | T9: =B9*ReturnData!B20 -> 0 | U9: =C9*ReturnData!C20 -> -0.0048125 | V9: =D9*ReturnData!D20 -> -0.0054625 | W9: =E9*ReturnData!E20 -> -0.004425 | X9: =F9*ReturnData!F20 -> 0 | Y9: =G9*ReturnData!G20 -> -0.00565 | Z9: =H9*ReturnData!H20 -> 0 | AA9: =I9*ReturnData!I20 -> -0.007175 | ... AI9: =Q9*ReturnData!Q20 -> 0 | AK9: =S9 -> 197507 | AL9: =SUM(T9:AI9) -> -0.0462625
A10: =ReturnData!A21 -> 197508 | B10: =IF('Monthly Ranks'!B9<=8, 1/8,0) -> 0.125 | C10: =IF('Monthly Ranks'!C9<=8, 1/8,0) -> 0.125 | D10: =IF('Monthly Ranks'!D9<=8, 1/8,0) -> 0.125 | E10: =IF('Monthly Ranks'!E9<=8, 1/8,0) -> 0.125 | F10: =IF('Monthly Ranks'!F9<=8, 1/8,0) -> 0 | G10: =IF('Monthly Ranks'!G9<=8, 1/8,0) -> 0 | H10: =IF('Monthly Ranks'!H9<=8, 1/8,0) -> 0 | I10: =IF('Monthly Ranks'!I9<=8, 1/8,0) -> 0.125 | ... Q10: =IF('Monthly Ranks'!Q9<=8, 1/8,0) -> 0.125 | S10: =A10 -> 197508 | T10: =B10*ReturnData!B21 -> -0.002975 | U10: =C10*ReturnData!C21 -> -0.0090875 | V10: =D10*ReturnData!D21 -> -0.0007125 | W10: =E10*ReturnData!E21 -> -0.005325 | X10: =F10*ReturnData!F21 -> 0 | Y10: =G10*ReturnData!G21 -> 0 | Z10: =H10*ReturnData!H21 -> 0 | AA10: =I10*ReturnData!I21 -> -0.0017375 | ... AI10: =Q10*ReturnData!Q21 -> -0.007675 | AK10: =S10 -> 197508 | AL10: =SUM(T10:AI10) -> -0.0313625
A11: =ReturnData!A22 -> 197509 | B11: =IF('Monthly Ranks'!B10<=8, 1/8,0) -> 0.125 | C11: =IF('Monthly Ranks'!C10<=8, 1/8,0) -> 0.125 | D11: =IF('Monthly Ranks'!D10<=8, 1/8,0) -> 0.125 | E11: =IF('Monthly Ranks'!E10<=8, 1/8,0) -> 0.125 | F11: =IF('Monthly Ranks'!F10<=8, 1/8,0) -> 0 | G11: =IF('Monthly Ranks'!G10<=8, 1/8,0) -> 0 | H11: =IF('Monthly Ranks'!H10<=8, 1/8,0) -> 0 | I11: =IF('Monthly Ranks'!I10<=8, 1/8,0) -> 0.125 | ... Q11: =IF('Monthly Ranks'!Q10<=8, 1/8,0) -> 0 | S11: =A11 -> 197509 | T11: =B11*ReturnData!B22 -> -0.003975 | U11: =C11*ReturnData!C22 -> -0.00335 | V11: =D11*ReturnData!D22 -> -0.0013375 | W11: =E11*ReturnData!E22 -> 0.00085 | X11: =F11*ReturnData!F22 -> 0 | Y11: =G11*ReturnData!G22 -> 0 | Z11: =H11*ReturnData!H22 -> 0 | AA11: =I11*ReturnData!I22 -> -0.008175 | ... AI11: =Q11*ReturnData!Q22 -> 0 | AK11: =S11 -> 197509 | AL11: =SUM(T11:AI11) -> -0.0278625
A12: =ReturnData!A23 -> 197510 | B12: =IF('Monthly Ranks'!B11<=8, 1/8,0) -> 0.125 | C12: =IF('Monthly Ranks'!C11<=8, 1/8,0) -> 0.125 | D12: =IF('Monthly Ranks'!D11<=8, 1/8,0) -> 0.125 | E12: =IF('Monthly Ranks'!E11<=8, 1/8,0) -> 0.125 | F12: =IF('Monthly Ranks'!F11<=8, 1/8,0) -> 0 | G12: =IF('Monthly Ranks'!G11<=8, 1/8,0) -> 0.125 | H12: =IF('Monthly Ranks'!H11<=8, 1/8,0) -> 0 | I12: =IF('Monthly Ranks'!I11<=8, 1/8,0) -> 0.125 | ... Q12: =IF('Monthly Ranks'!Q11<=8, 1/8,0) -> 0 | S12: =A12 -> 197510 | T12: =B12*ReturnData!B23 -> 0.0147125 | U12: =C12*ReturnData!C23 -> -0.0062625 | V12: =D12*ReturnData!D23 -> -0.0018375 | W12: =E12*ReturnData!E23 -> 0.013275 | X12: =F12*ReturnData!F23 -> 0 | Y12: =G12*ReturnData!G23 -> 0.0085375 | Z12: =H12*ReturnData!H23 -> 0 | AA12: =I12*ReturnData!I23 -> 0.0052 | ... AI12: =Q12*ReturnData!Q23 -> 0 | AK12: =S12 -> 197510 | AL12: =SUM(T12:AI12) -> 0.0490625
A13: =ReturnData!A24 -> 197511 | B13: =IF('Monthly Ranks'!B12<=8, 1/8,0) -> 0.125 | C13: =IF('Monthly Ranks'!C12<=8, 1/8,0) -> 0 | D13: =IF('Monthly Ranks'!D12<=8, 1/8,0) -> 0 | E13: =IF('Monthly Ranks'!E12<=8, 1/8,0) -> 0.125 | F13: =IF('Monthly Ranks'!F12<=8, 1/8,0) -> 0 | G13: =IF('Monthly Ranks'!G12<=8, 1/8,0) -> 0 | H13: =IF('Monthly Ranks'!H12<=8, 1/8,0) -> 0 | I13: =IF('Monthly Ranks'!I12<=8, 1/8,0) -> 0.125 | ... Q13: =IF('Monthly Ranks'!Q12<=8, 1/8,0) -> 0 | S13: =A13 -> 197511 | T13: =B13*ReturnData!B24 -> 0.0040125 | U13: =C13*ReturnData!C24 -> 0 | V13: =D13*ReturnData!D24 -> 0 | W13: =E13*ReturnData!E24 -> 0.00835 | X13: =F13*ReturnData!F24 -> 0 | Y13: =G13*ReturnData!G24 -> 0 | Z13: =H13*ReturnData!H24 -> 0 | AA13: =I13*ReturnData!I24 -> 0.0040625 | ... AI13: =Q13*ReturnData!Q24 -> 0 | AK13: =S13 -> 197511 | AL13: =SUM(T13:AI13) -> 0.0340125
A14: =ReturnData!A25 -> 197512 | B14: =IF('Monthly Ranks'!B13<=8, 1/8,0) -> 0.125 | C14: =IF('Monthly Ranks'!C13<=8, 1/8,0) -> 0 | D14: =IF('Monthly Ranks'!D13<=8, 1/8,0) -> 0 | E14: =IF('Monthly Ranks'!E13<=8, 1/8,0) -> 0.125 | F14: =IF('Monthly Ranks'!F13<=8, 1/8,0) -> 0.125 | G14: =IF('Monthly Ranks'!G13<=8, 1/8,0) -> 0.125 | H14: =IF('Monthly Ranks'!H13<=8, 1/8,0) -> 0 | I14: =IF('Monthly Ranks'!I13<=8, 1/8,0) -> 0.125 | ... Q14: =IF('Monthly Ranks'!Q13<=8, 1/8,0) -> 0 | S14: =A14 -> 197512 | T14: =B14*ReturnData!B25 -> -0.0024625 | U14: =C14*ReturnData!C25 -> 0 | V14: =D14*ReturnData!D25 -> 0 | W14: =E14*ReturnData!E25 -> -0.0013125 | X14: =F14*ReturnData!F25 -> -0.00275 | Y14: =G14*ReturnData!G25 -> 2.5e-05 | Z14: =H14*ReturnData!H25 -> 0 | AA14: =I14*ReturnData!I25 -> 0.0009 | ... AI14: =Q14*ReturnData!Q25 -> 0 | AK14: =S14 -> 197512 | AL14: =SUM(T14:AI14) -> -0.006125
... A602: =ReturnData!A613 -> 202412 | B602: =IF('Monthly Ranks'!B601<=8, 1/8,0) -> 0 | C602: =IF('Monthly Ranks'!C601<=8, 1/8,0) -> 0.125 | D602: =IF('Monthly Ranks'!D601<=8, 1/8,0) -> 0 | E602: =IF('Monthly Ranks'!E601<=8, 1/8,0) -> 0 | F602: =IF('Monthly Ranks'!F601<=8, 1/8,0) -> 0 | G602: =IF('Monthly Ranks'!G601<=8, 1/8,0) -> 0 | H602: =IF('Monthly Ranks'!H601<=8, 1/8,0) -> 0 | I602: =IF('Monthly Ranks'!I601<=8, 1/8,0) -> 0.125 | ... Q602: =IF('Monthly Ranks'!Q601<=8, 1/8,0) -> 0.125 | S602: =A602 -> 202412 | T602: =B602*ReturnData!B613 -> 0 | U602: =C602*ReturnData!C613 -> -0.014975 | V602: =D602*ReturnData!D613 -> 0 | W602: =E602*ReturnData!E613 -> 0 | X602: =F602*ReturnData!F613 -> 0 | Y602: =G602*ReturnData!G613 -> 0 | Z602: =H602*ReturnData!H613 -> 0 | AA602: =I602*ReturnData!I613 -> -0.015225 | ... AI602: =Q602*ReturnData!Q613 -> -0.0091625 | AK602: =S602 -> 202412 | AL602: =SUM(T602:AI602) -> -0.068175

Sheet LowMomentumPortfolio
A1: Low Momentum Portfolio Weights | S1: Weights in Low Momentum Portfolio * Returns | AK1: Return on Low Momentum Portfolio
A2: Date | B2: Food | C2: Mines | D2: Oil | E2: Clths | F2: Durbl | G2: Chems | H2: Cnsum | I2: Cnstr | J2: Steel | K2: FabPr | L2: Machn | M2: Cars | N2: Trans | O2: Utils | P2: Rtail | Q2: Finan | S2: =A2 -> Date | T2: Food | U2: Mines | V2: Oil | W2: Clths | X2: Durbl | Y2: Chems | Z2: Cnsum | AA2: Cnstr | AB2: Steel | AC2: FabPr | AD2: Machn | AE2: Cars | AF2: Trans | AG2: Utils | AH2: Rtail | AI2: Finan | AK2: =S2 -> Date | AL2: Return | AO2: LS Portfolio
A3: =ReturnData!A14 -> 197501 | B3: =IF('Monthly Ranks'!B2>=9, 1/8,0) -> 0.125 | C3: =IF('Monthly Ranks'!C2>=9, 1/8,0) -> 0 | D3: =IF('Monthly Ranks'!D2>=9, 1/8,0) -> 0.125 | E3: =IF('Monthly Ranks'!E2>=9, 1/8,0) -> 0.125 | F3: =IF('Monthly Ranks'!F2>=9, 1/8,0) -> 0.125 | G3: =IF('Monthly Ranks'!G2>=9, 1/8,0) -> 0 | H3: =IF('Monthly Ranks'!H2>=9, 1/8,0) -> 0 | I3: =IF('Monthly Ranks'!I2>=9, 1/8,0) -> 0 | ... Q3: =IF('Monthly Ranks'!Q2>=9, 1/8,0) -> 0.125 | S3: =A3 -> 197501 | T3: =B3*ReturnData!B14 -> 0.025125 | U3: =C3*ReturnData!C14 -> 0 | V3: =D3*ReturnData!D14 -> 0.0061 | W3: =E3*ReturnData!E14 -> 0.032725 | X3: =F3*ReturnData!F14 -> 0.025325 | Y3: =G3*ReturnData!G14 -> 0 | Z3: =H3*ReturnData!H14 -> 0 | AA3: =I3*ReturnData!I14 -> 0 | ... AI3: =Q3*ReturnData!Q14 -> 0.0215875 | AK3: =S3 -> 197501 | AL3: =SUM(T3:AI3) -> 0.1807875 | AN3: 1 | AO3: =HighMomentumPortfolio!AL3-LowMomentumPortfolio!AL3 -> -0.021075 | AP3: =AN3+AO3 -> 0.978925 | AR3: =PRODUCT(AP3:AP14) -> 0.99468133 | AU3: Annualized Mean Return | AX3: =AVERAGE(AR3:AR591)-1 -> 0.034549174
A4: =ReturnData!A15 -> 197502 | B4: =IF('Monthly Ranks'!B3>=9, 1/8,0) -> 0.125 | C4: =IF('Monthly Ranks'!C3>=9, 1/8,0) -> 0 | D4: =IF('Monthly Ranks'!D3>=9, 1/8,0) -> 0 | E4: =IF('Monthly Ranks'!E3>=9, 1/8,0) -> 0.125 | F4: =IF('Monthly Ranks'!F3>=9, 1/8,0) -> 0.125 | G4: =IF('Monthly Ranks'!G3>=9, 1/8,0) -> 0 | H4: =IF('Monthly Ranks'!H3>=9, 1/8,0) -> 0 | I4: =IF('Monthly Ranks'!I3>=9, 1/8,0) -> 0.125 | ... Q4: =IF('Monthly Ranks'!Q3>=9, 1/8,0) -> 0.125 | S4: =A4 -> 197502 | T4: =B4*ReturnData!B15 -> 0.0068 | U4: =C4*ReturnData!C15 -> 0 | V4: =D4*ReturnData!D15 -> 0 | W4: =E4*ReturnData!E15 -> 0.0020375 | X4: =F4*ReturnData!F15 -> 0.0164375 | Y4: =G4*ReturnData!G15 -> 0 | Z4: =H4*ReturnData!H15 -> 0 | AA4: =I4*ReturnData!I15 -> 0.0041875 | ... AI4: =Q4*ReturnData!Q15 -> 0.0003375 | AK4: =S4 -> 197502 | AL4: =SUM(T4:AI4) -> 0.0525125 | AN4: 1 | AO4: =HighMomentumPortfolio!AL4-LowMomentumPortfolio!AL4 -> 0.000775 | AP4: =AN4+AO4 -> 1.000775 | AU4: Annualized Std Dev | AX4: =_xlfn.STDEV.P(AO3:AO602)*SQRT(12) -> 0.095015497
A5: =ReturnData!A16 -> 197503 | B5: =IF('Monthly Ranks'!B4>=9, 1/8,0) -> 0 | C5: =IF('Monthly Ranks'!C4>=9, 1/8,0) -> 0 | D5: =IF('Monthly Ranks'!D4>=9, 1/8,0) -> 0 | E5: =IF('Monthly Ranks'!E4>=9, 1/8,0) -> 0.125 | F5: =IF('Monthly Ranks'!F4>=9, 1/8,0) -> 0.125 | G5: =IF('Monthly Ranks'!G4>=9, 1/8,0) -> 0 | H5: =IF('Monthly Ranks'!H4>=9, 1/8,0) -> 0 | I5: =IF('Monthly Ranks'!I4>=9, 1/8,0) -> 0 | ... Q5: =IF('Monthly Ranks'!Q4>=9, 1/8,0) -> 0.125 | S5: =A5 -> 197503 | T5: =B5*ReturnData!B16 -> 0 | U5: =C5*ReturnData!C16 -> 0 | V5: =D5*ReturnData!D16 -> 0 | W5: =E5*ReturnData!E16 -> 0.0195 | X5: =F5*ReturnData!F16 -> 0.0060875 | Y5: =G5*ReturnData!G16 -> 0 | Z5: =H5*ReturnData!H16 -> 0 | AA5: =I5*ReturnData!I16 -> 0 | ... AI5: =Q5*ReturnData!Q16 -> 0.0031375 | AK5: =S5 -> 197503 | AL5: =SUM(T5:AI5) -> 0.0649375 | AN5: 1 | AO5: =HighMomentumPortfolio!AL5-LowMomentumPortfolio!AL5 -> -0.015675 | AP5: =AN5+AO5 -> 0.984325 | AU5: Sharpe Ratio | AX5: =AX3/AX4 -> 0.3636162
A6: =ReturnData!A17 -> 197504 | B6: =IF('Monthly Ranks'!B5>=9, 1/8,0) -> 0 | C6: =IF('Monthly Ranks'!C5>=9, 1/8,0) -> 0 | D6: =IF('Monthly Ranks'!D5>=9, 1/8,0) -> 0 | E6: =IF('Monthly Ranks'!E5>=9, 1/8,0) -> 0.125 | F6: =IF('Monthly Ranks'!F5>=9, 1/8,0) -> 0.125 | G6: =IF('Monthly Ranks'!G5>=9, 1/8,0) -> 0 | H6: =IF('Monthly Ranks'!H5>=9, 1/8,0) -> 0 | I6: =IF('Monthly Ranks'!I5>=9, 1/8,0) -> 0.125 | ... Q6: =IF('Monthly Ranks'!Q5>=9, 1/8,0) -> 0.125 | S6: =A6 -> 197504 | T6: =B6*ReturnData!B17 -> 0 | U6: =C6*ReturnData!C17 -> 0 | V6: =D6*ReturnData!D17 -> 0 | W6: =E6*ReturnData!E17 -> 0.0091125 | X6: =F6*ReturnData!F17 -> 0.0106125 | Y6: =G6*ReturnData!G17 -> 0 | Z6: =H6*ReturnData!H17 -> 0 | AA6: =I6*ReturnData!I17 -> 0.0041875 | ... AI6: =Q6*ReturnData!Q17 -> 0.0016875 | AK6: =S6 -> 197504 | AL6: =SUM(T6:AI6) -> 0.041975 | AN6: 1 | AO6: =HighMomentumPortfolio!AL6-LowMomentumPortfolio!AL6 -> 0.0209375 | AP6: =AN6+AO6 -> 1.0209375
A7: =ReturnData!A18 -> 197505 | B7: =IF('Monthly Ranks'!B6>=9, 1/8,0) -> 0 | C7: =IF('Monthly Ranks'!C6>=9, 1/8,0) -> 0 | D7: =IF('Monthly Ranks'!D6>=9, 1/8,0) -> 0.125 | E7: =IF('Monthly Ranks'!E6>=9, 1/8,0) -> 0 | F7: =IF('Monthly Ranks'!F6>=9, 1/8,0) -> 0.125 | G7: =IF('Monthly Ranks'!G6>=9, 1/8,0) -> 0 | H7: =IF('Monthly Ranks'!H6>=9, 1/8,0) -> 0 | I7: =IF('Monthly Ranks'!I6>=9, 1/8,0) -> 0 | ... Q7: =IF('Monthly Ranks'!Q6>=9, 1/8,0) -> 0.125 | S7: =A7 -> 197505 | T7: =B7*ReturnData!B18 -> 0 | U7: =C7*ReturnData!C18 -> 0 | V7: =D7*ReturnData!D18 -> 0.0156875 | W7: =E7*ReturnData!E18 -> 0 | X7: =F7*ReturnData!F18 -> 0.000925 | Y7: =G7*ReturnData!G18 -> 0 | Z7: =H7*ReturnData!H18 -> 0 | AA7: =I7*ReturnData!I18 -> 0 | ... AI7: =Q7*ReturnData!Q18 -> 0.0080125 | AK7: =S7 -> 197505 | AL7: =SUM(T7:AI7) -> 0.0504 | AN7: 1 | AO7: =HighMomentumPortfolio!AL7-LowMomentumPortfolio!AL7 -> -0.0097375 | AP7: =AN7+AO7 -> 0.9902625
A8: =ReturnData!A19 -> 197506 | B8: =IF('Monthly Ranks'!B7>=9, 1/8,0) -> 0.125 | C8: =IF('Monthly Ranks'!C7>=9, 1/8,0) -> 0 | D8: =IF('Monthly Ranks'!D7>=9, 1/8,0) -> 0 | E8: =IF('Monthly Ranks'!E7>=9, 1/8,0) -> 0 | F8: =IF('Monthly Ranks'!F7>=9, 1/8,0) -> 0.125 | G8: =IF('Monthly Ranks'!G7>=9, 1/8,0) -> 0 | H8: =IF('Monthly Ranks'!H7>=9, 1/8,0) -> 0.125 | I8: =IF('Monthly Ranks'!I7>=9, 1/8,0) -> 0 | ... Q8: =IF('Monthly Ranks'!Q7>=9, 1/8,0) -> 0.125 | S8: =A8 -> 197506 | T8: =B8*ReturnData!B19 -> 0.0060875 | U8: =C8*ReturnData!C19 -> 0 | V8: =D8*ReturnData!D19 -> 0 | W8: =E8*ReturnData!E19 -> 0 | X8: =F8*ReturnData!F19 -> 0.0047875 | Y8: =G8*ReturnData!G19 -> 0 | Z8: =H8*ReturnData!H19 -> 0.00175 | AA8: =I8*ReturnData!I19 -> 0 | ... AI8: =Q8*ReturnData!Q19 -> 0.0079375 | AK8: =S8 -> 197506 | AL8: =SUM(T8:AI8) -> 0.0580875 | AN8: 1 | AO8: =HighMomentumPortfolio!AL8-LowMomentumPortfolio!AL8 -> 0.0045375 | AP8: =AN8+AO8 -> 1.0045375
A9: =ReturnData!A20 -> 197507 | B9: =IF('Monthly Ranks'!B8>=9, 1/8,0) -> 0.125 | C9: =IF('Monthly Ranks'!C8>=9, 1/8,0) -> 0 | D9: =IF('Monthly Ranks'!D8>=9, 1/8,0) -> 0 | E9: =IF('Monthly Ranks'!E8>=9, 1/8,0) -> 0 | F9: =IF('Monthly Ranks'!F8>=9, 1/8,0) -> 0.125 | G9: =IF('Monthly Ranks'!G8>=9, 1/8,0) -> 0 | H9: =IF('Monthly Ranks'!H8>=9, 1/8,0) -> 0.125 | I9: =IF('Monthly Ranks'!I8>=9, 1/8,0) -> 0 | ... Q9: =IF('Monthly Ranks'!Q8>=9, 1/8,0) -> 0.125 | S9: =A9 -> 197507 | T9: =B9*ReturnData!B20 -> -0.0066625 | U9: =C9*ReturnData!C20 -> 0 | V9: =D9*ReturnData!D20 -> 0 | W9: =E9*ReturnData!E20 -> 0 | X9: =F9*ReturnData!F20 -> -0.0097875 | Y9: =G9*ReturnData!G20 -> 0 | Z9: =H9*ReturnData!H20 -> -0.0134375 | AA9: =I9*ReturnData!I20 -> 0 | ... AI9: =Q9*ReturnData!Q20 -> -0.00915 | AK9: =S9 -> 197507 | AL9: =SUM(T9:AI9) -> -0.06145 | AN9: 1 | AO9: =HighMomentumPortfolio!AL9-LowMomentumPortfolio!AL9 -> 0.0151875 | AP9: =AN9+AO9 -> 1.0151875
A10: =ReturnData!A21 -> 197508 | B10: =IF('Monthly Ranks'!B9>=9, 1/8,0) -> 0 | C10: =IF('Monthly Ranks'!C9>=9, 1/8,0) -> 0 | D10: =IF('Monthly Ranks'!D9>=9, 1/8,0) -> 0 | E10: =IF('Monthly Ranks'!E9>=9, 1/8,0) -> 0 | F10: =IF('Monthly Ranks'!F9>=9, 1/8,0) -> 0.125 | G10: =IF('Monthly Ranks'!G9>=9, 1/8,0) -> 0.125 | H10: =IF('Monthly Ranks'!H9>=9, 1/8,0) -> 0.125 | I10: =IF('Monthly Ranks'!I9>=9, 1/8,0) -> 0 | ... Q10: =IF('Monthly Ranks'!Q9>=9, 1/8,0) -> 0 | S10: =A10 -> 197508 | T10: =B10*ReturnData!B21 -> 0 | U10: =C10*ReturnData!C21 -> 0 | V10: =D10*ReturnData!D21 -> 0 | W10: =E10*ReturnData!E21 -> 0 | X10: =F10*ReturnData!F21 -> -0.0044375 | Y10: =G10*ReturnData!G21 -> 0.002475 | Z10: =H10*ReturnData!H21 -> -0.005225 | AA10: =I10*ReturnData!I21 -> 0 | ... AI10: =Q10*ReturnData!Q21 -> 0 | AK10: =S10 -> 197508 | AL10: =SUM(T10:AI10) -> -0.01275 | AN10: 1 | AO10: =HighMomentumPortfolio!AL10-LowMomentumPortfolio!AL10 -> -0.0186125 | AP10: =AN10+AO10 -> 0.9813875
A11: =ReturnData!A22 -> 197509 | B11: =IF('Monthly Ranks'!B10>=9, 1/8,0) -> 0 | C11: =IF('Monthly Ranks'!C10>=9, 1/8,0) -> 0 | D11: =IF('Monthly Ranks'!D10>=9, 1/8,0) -> 0 | E11: =IF('Monthly Ranks'!E10>=9, 1/8,0) -> 0 | F11: =IF('Monthly Ranks'!F10>=9, 1/8,0) -> 0.125 | G11: =IF('Monthly Ranks'!G10>=9, 1/8,0) -> 0.125 | H11: =IF('Monthly Ranks'!H10>=9, 1/8,0) -> 0.125 | I11: =IF('Monthly Ranks'!I10>=9, 1/8,0) -> 0 | ... Q11: =IF('Monthly Ranks'!Q10>=9, 1/8,0) -> 0.125 | S11: =A11 -> 197509 | T11: =B11*ReturnData!B22 -> 0 | U11: =C11*ReturnData!C22 -> 0 | V11: =D11*ReturnData!D22 -> 0 | W11: =E11*ReturnData!E22 -> 0 | X11: =F11*ReturnData!F22 -> -0.0052 | Y11: =G11*ReturnData!G22 -> -0.0106125 | Z11: =H11*ReturnData!H22 -> -0.0059875 | AA11: =I11*ReturnData!I22 -> 0 | ... AI11: =Q11*ReturnData!Q22 -> -0.0093875 | AK11: =S11 -> 197509 | AL11: =SUM(T11:AI11) -> -0.04595 | AN11: 1 | AO11: =HighMomentumPortfolio!AL11-LowMomentumPortfolio!AL11 -> 0.0180875 | AP11: =AN11+AO11 -> 1.0180875
A12: =ReturnData!A23 -> 197510 | B12: =IF('Monthly Ranks'!B11>=9, 1/8,0) -> 0 | C12: =IF('Monthly Ranks'!C11>=9, 1/8,0) -> 0 | D12: =IF('Monthly Ranks'!D11>=9, 1/8,0) -> 0 | E12: =IF('Monthly Ranks'!E11>=9, 1/8,0) -> 0 | F12: =IF('Monthly Ranks'!F11>=9, 1/8,0) -> 0.125 | G12: =IF('Monthly Ranks'!G11>=9, 1/8,0) -> 0 | H12: =IF('Monthly Ranks'!H11>=9, 1/8,0) -> 0.125 | I12: =IF('Monthly Ranks'!I11>=9, 1/8,0) -> 0 | ... Q12: =IF('Monthly Ranks'!Q11>=9, 1/8,0) -> 0.125 | S12: =A12 -> 197510 | T12: =B12*ReturnData!B23 -> 0 | U12: =C12*ReturnData!C23 -> 0 | V12: =D12*ReturnData!D23 -> 0 | W12: =E12*ReturnData!E23 -> 0 | X12: =F12*ReturnData!F23 -> 0.010975 | Y12: =G12*ReturnData!G23 -> 0 | Z12: =H12*ReturnData!H23 -> 0.01215 | AA12: =I12*ReturnData!I23 -> 0 | ... AI12: =Q12*ReturnData!Q23 -> 0.0062875 | AK12: =S12 -> 197510 | AL12: =SUM(T12:AI12) -> 0.0592875 | AN12: 1 | AO12: =HighMomentumPortfolio!AL12-LowMomentumPortfolio!AL12 -> -0.010225 | AP12: =AN12+AO12 -> 0.989775
A13: =ReturnData!A24 -> 197511 | B13: =IF('Monthly Ranks'!B12>=9, 1/8,0) -> 0 | C13: =IF('Monthly Ranks'!C12>=9, 1/8,0) -> 0.125 | D13: =IF('Monthly Ranks'!D12>=9, 1/8,0) -> 0.125 | E13: =IF('Monthly Ranks'!E12>=9, 1/8,0) -> 0 | F13: =IF('Monthly Ranks'!F12>=9, 1/8,0) -> 0.125 | G13: =IF('Monthly Ranks'!G12>=9, 1/8,0) -> 0.125 | H13: =IF('Monthly Ranks'!H12>=9, 1/8,0) -> 0.125 | I13: =IF('Monthly Ranks'!I12>=9, 1/8,0) -> 0 | ... Q13: =IF('Monthly Ranks'!Q12>=9, 1/8,0) -> 0.125 | S13: =A13 -> 197511 | T13: =B13*ReturnData!B24 -> 0 | U13: =C13*ReturnData!C24 -> -0.0018125 | V13: =D13*ReturnData!D24 -> -0.002475 | W13: =E13*ReturnData!E24 -> 0 | X13: =F13*ReturnData!F24 -> 0.0040125 | Y13: =G13*ReturnData!G24 -> 0.0025375 | Z13: =H13*ReturnData!H24 -> 0.0064125 | AA13: =I13*ReturnData!I24 -> 0 | ... AI13: =Q13*ReturnData!Q24 -> 0.0060375 | AK13: =S13 -> 197511 | AL13: =SUM(T13:AI13) -> 0.0235375 | AN13: 1 | AO13: =HighMomentumPortfolio!AL13-LowMomentumPortfolio!AL13 -> 0.010475 | AP13: =AN13+AO13 -> 1.010475
A14: =ReturnData!A25 -> 197512 | B14: =IF('Monthly Ranks'!B13>=9, 1/8,0) -> 0 | C14: =IF('Monthly Ranks'!C13>=9, 1/8,0) -> 0.125 | D14: =IF('Monthly Ranks'!D13>=9, 1/8,0) -> 0.125 | E14: =IF('Monthly Ranks'!E13>=9, 1/8,0) -> 0 | F14: =IF('Monthly Ranks'!F13>=9, 1/8,0) -> 0 | G14: =IF('Monthly Ranks'!G13>=9, 1/8,0) -> 0 | H14: =IF('Monthly Ranks'!H13>=9, 1/8,0) -> 0.125 | I14: =IF('Monthly Ranks'!I13>=9, 1/8,0) -> 0 | ... Q14: =IF('Monthly Ranks'!Q13>=9, 1/8,0) -> 0.125 | S14: =A14 -> 197512 | T14: =B14*ReturnData!B25 -> 0 | U14: =C14*ReturnData!C25 -> 0.00295 | V14: =D14*ReturnData!D25 -> 0.00035 | W14: =E14*ReturnData!E25 -> 0 | X14: =F14*ReturnData!F25 -> 0 | Y14: =G14*ReturnData!G25 -> 0 | Z14: =H14*ReturnData!H25 -> -0.0070875 | AA14: =I14*ReturnData!I25 -> 0 | ... AI14: =Q14*ReturnData!Q25 -> -0.000575 | AK14: =S14 -> 197512 | AL14: =SUM(T14:AI14) -> -0.0073 | AN14: 1 | AO14: =HighMomentumPortfolio!AL14-LowMomentumPortfolio!AL14 -> 0.001175 | AP14: =AN14+AO14 -> 1.001175
A15: =ReturnData!A26 -> 197601 | B15: =IF('Monthly Ranks'!B14>=9, 1/8,0) -> 0 | C15: =IF('Monthly Ranks'!C14>=9, 1/8,0) -> 0.125 | D15: =IF('Monthly Ranks'!D14>=9, 1/8,0) -> 0.125 | E15: =IF('Monthly Ranks'!E14>=9, 1/8,0) -> 0 | F15: =IF('Monthly Ranks'!F14>=9, 1/8,0) -> 0 | G15: =IF('Monthly Ranks'!G14>=9, 1/8,0) -> 0 | H15: =IF('Monthly Ranks'!H14>=9, 1/8,0) -> 0.125 | I15: =IF('Monthly Ranks'!I14>=9, 1/8,0) -> 0 | ... Q15: =IF('Monthly Ranks'!Q14>=9, 1/8,0) -> 0.125 | S15: =A15 -> 197601 | T15: =B15*ReturnData!B26 -> 0 | U15: =C15*ReturnData!C26 -> 0.0184 | V15: =D15*ReturnData!D26 -> 0.0096375 | W15: =E15*ReturnData!E26 -> 0 | X15: =F15*ReturnData!F26 -> 0 | Y15: =G15*ReturnData!G26 -> 0 | Z15: =H15*ReturnData!H26 -> 0.009 | AA15: =I15*ReturnData!I26 -> 0 | ... AI15: =Q15*ReturnData!Q26 -> 0.015275 | AK15: =S15 -> 197601 | AL15: =SUM(T15:AI15) -> 0.134575 | AN15: 1 | AO15: =HighMomentumPortfolio!AL15-LowMomentumPortfolio!AL15 -> 0.0150125 | AP15: =AN15+AO15 -> 1.0150125 | AR15: =PRODUCT(AP15:AP26) -> 0.9812333
A16: =ReturnData!A27 -> 197602 | B16: =IF('Monthly Ranks'!B15>=9, 1/8,0) -> 0 | C16: =IF('Monthly Ranks'!C15>=9, 1/8,0) -> 0.125 | D16: =IF('Monthly Ranks'!D15>=9, 1/8,0) -> 0.125 | E16: =IF('Monthly Ranks'!E15>=9, 1/8,0) -> 0 | F16: =IF('Monthly Ranks'!F15>=9, 1/8,0) -> 0 | G16: =IF('Monthly Ranks'!G15>=9, 1/8,0) -> 0 | H16: =IF('Monthly Ranks'!H15>=9, 1/8,0) -> 0.125 | I16: =IF('Monthly Ranks'!I15>=9, 1/8,0) -> 0.125 | ... Q16: =IF('Monthly Ranks'!Q15>=9, 1/8,0) -> 0.125 | S16: =A16 -> 197602 | T16: =B16*ReturnData!B27 -> 0 | U16: =C16*ReturnData!C27 -> 0.0026875 | V16: =D16*ReturnData!D27 -> -0.0040125 | W16: =E16*ReturnData!E27 -> 0 | X16: =F16*ReturnData!F27 -> 0 | Y16: =G16*ReturnData!G27 -> 0 | Z16: =H16*ReturnData!H27 -> -0.0073375 | AA16: =I16*ReturnData!I27 -> 0.00755 | ... AI16: =Q16*ReturnData!Q27 -> 0.002375 | AK16: =S16 -> 197602 | AL16: =SUM(T16:AI16) -> 0.007875 | AN16: 1 | AO16: =HighMomentumPortfolio!AL16-LowMomentumPortfolio!AL16 -> 0.0192875 | AP16: =AN16+AO16 -> 1.0192875
A17: =ReturnData!A28 -> 197603 | B17: =IF('Monthly Ranks'!B16>=9, 1/8,0) -> 0.125 | C17: =IF('Monthly Ranks'!C16>=9, 1/8,0) -> 0.125 | D17: =IF('Monthly Ranks'!D16>=9, 1/8,0) -> 0.125 | E17: =IF('Monthly Ranks'!E16>=9, 1/8,0) -> 0 | F17: =IF('Monthly Ranks'!F16>=9, 1/8,0) -> 0.125 | G17: =IF('Monthly Ranks'!G16>=9, 1/8,0) -> 0 | H17: =IF('Monthly Ranks'!H16>=9, 1/8,0) -> 0.125 | I17: =IF('Monthly Ranks'!I16>=9, 1/8,0) -> 0 | ... Q17: =IF('Monthly Ranks'!Q16>=9, 1/8,0) -> 0.125 | S17: =A17 -> 197603 | T17: =B17*ReturnData!B28 -> 0.0008125 | U17: =C17*ReturnData!C28 -> 0.0054875 | V17: =D17*ReturnData!D28 -> 0.0094375 | W17: =E17*ReturnData!E28 -> 0 | X17: =F17*ReturnData!F28 -> 0.002325 | Y17: =G17*ReturnData!G28 -> 0 | Z17: =H17*ReturnData!H28 -> 0.0072875 | AA17: =I17*ReturnData!I28 -> 0 | ... AI17: =Q17*ReturnData!Q28 -> 0.0040375 | AK17: =S17 -> 197603 | AL17: =SUM(T17:AI17) -> 0.0316875 | AN17: 1 | AO17: =HighMomentumPortfolio!AL17-LowMomentumPortfolio!AL17 -> -0.013275 | AP17: =AN17+AO17 -> 0.986725
A18: =ReturnData!A29 -> 197604 | B18: =IF('Monthly Ranks'!B17>=9, 1/8,0) -> 0.125 | C18: =IF('Monthly Ranks'!C17>=9, 1/8,0) -> 0.125 | D18: =IF('Monthly Ranks'!D17>=9, 1/8,0) -> 0.125 | E18: =IF('Monthly Ranks'!E17>=9, 1/8,0) -> 0 | F18: =IF('Monthly Ranks'!F17>=9, 1/8,0) -> 0.125 | G18: =IF('Monthly Ranks'!G17>=9, 1/8,0) -> 0 | H18: =IF('Monthly Ranks'!H17>=9, 1/8,0) -> 0.125 | I18: =IF('Monthly Ranks'!I17>=9, 1/8,0) -> 0 | ... Q18: =IF('Monthly Ranks'!Q17>=9, 1/8,0) -> 0.125 | S18: =A18 -> 197604 | T18: =B18*ReturnData!B29 -> -0.0016125 | U18: =C18*ReturnData!C29 -> 0.0035 | V18: =D18*ReturnData!D29 -> 0.00225 | W18: =E18*ReturnData!E29 -> 0 | X18: =F18*ReturnData!F29 -> -0.00615 | Y18: =G18*ReturnData!G29 -> 0 | Z18: =H18*ReturnData!H29 -> -0.0044875 | AA18: =I18*ReturnData!I29 -> 0 | ... AI18: =Q18*ReturnData!Q29 -> -0.003275 | AK18: =S18 -> 197604 | AL18: =SUM(T18:AI18) -> -0.01035 | AN18: 1 | AO18: =HighMomentumPortfolio!AL18-LowMomentumPortfolio!AL18 -> 0.0030125 | AP18: =AN18+AO18 -> 1.0030125
A19: =ReturnData!A30 -> 197605 | B19: =IF('Monthly Ranks'!B18>=9, 1/8,0) -> 0.125 | C19: =IF('Monthly Ranks'!C18>=9, 1/8,0) -> 0.125 | D19: =IF('Monthly Ranks'!D18>=9, 1/8,0) -> 0.125 | E19: =IF('Monthly Ranks'!E18>=9, 1/8,0) -> 0 | F19: =IF('Monthly Ranks'!F18>=9, 1/8,0) -> 0.125 | G19: =IF('Monthly Ranks'!G18>=9, 1/8,0) -> 0.125 | H19: =IF('Monthly Ranks'!H18>=9, 1/8,0) -> 0.125 | I19: =IF('Monthly Ranks'!I18>=9, 1/8,0) -> 0 | ... Q19: =IF('Monthly Ranks'!Q18>=9, 1/8,0) -> 0.125 | S19: =A19 -> 197605 | T19: =B19*ReturnData!B30 -> -0.0012 | U19: =C19*ReturnData!C30 -> 0.0032125 | V19: =D19*ReturnData!D30 -> 0.0077875 | W19: =E19*ReturnData!E30 -> 0 | X19: =F19*ReturnData!F30 -> -0.00395 | Y19: =G19*ReturnData!G30 -> -0.003375 | Z19: =H19*ReturnData!H30 -> -0.0029625 | AA19: =I19*ReturnData!I30 -> 0 | ... AI19: =Q19*ReturnData!Q30 -> -0.002675 | AK19: =S19 -> 197605 | AL19: =SUM(T19:AI19) -> -0.00265 | AN19: 1 | AO19: =HighMomentumPortfolio!AL19-LowMomentumPortfolio!AL19 -> -0.0199375 | AP19: =AN19+AO19 -> 0.9800625
A20: =ReturnData!A31 -> 197606 | B20: =IF('Monthly Ranks'!B19>=9, 1/8,0) -> 0.125 | C20: =IF('Monthly Ranks'!C19>=9, 1/8,0) -> 0.125 | D20: =IF('Monthly Ranks'!D19>=9, 1/8,0) -> 0.125 | E20: =IF('Monthly Ranks'!E19>=9, 1/8,0) -> 0 | F20: =IF('Monthly Ranks'!F19>=9, 1/8,0) -> 0.125 | G20: =IF('Monthly Ranks'!G19>=9, 1/8,0) -> 0 | H20: =IF('Monthly Ranks'!H19>=9, 1/8,0) -> 0.125 | I20: =IF('Monthly Ranks'!I19>=9, 1/8,0) -> 0 | ... Q20: =IF('Monthly Ranks'!Q19>=9, 1/8,0) -> 0.125 | S20: =A20 -> 197606 | T20: =B20*ReturnData!B31 -> 0.006825 | U20: =C20*ReturnData!C31 -> 0.0058 | V20: =D20*ReturnData!D31 -> 0.0061875 | W20: =E20*ReturnData!E31 -> 0 | X20: =F20*ReturnData!F31 -> 0.006525 | Y20: =G20*ReturnData!G31 -> 0 | Z20: =H20*ReturnData!H31 -> 0.0057625 | AA20: =I20*ReturnData!I31 -> 0 | ... AI20: =Q20*ReturnData!Q31 -> 0.00805 | AK20: =S20 -> 197606 | AL20: =SUM(T20:AI20) -> 0.0598375 | AN20: 1 | AO20: =HighMomentumPortfolio!AL20-LowMomentumPortfolio!AL20 -> -0.02985 | AP20: =AN20+AO20 -> 0.97015
A21: =ReturnData!A32 -> 197607 | B21: =IF('Monthly Ranks'!B20>=9, 1/8,0) -> 0.125 | C21: =IF('Monthly Ranks'!C20>=9, 1/8,0) -> 0.125 | D21: =IF('Monthly Ranks'!D20>=9, 1/8,0) -> 0 | E21: =IF('Monthly Ranks'!E20>=9, 1/8,0) -> 0 | F21: =IF('Monthly Ranks'!F20>=9, 1/8,0) -> 0.125 | G21: =IF('Monthly Ranks'!G20>=9, 1/8,0) -> 0 | H21: =IF('Monthly Ranks'!H20>=9, 1/8,0) -> 0.125 | I21: =IF('Monthly Ranks'!I20>=9, 1/8,0) -> 0 | ... Q21: =IF('Monthly Ranks'!Q20>=9, 1/8,0) -> 0.125 | S21: =A21 -> 197607 | T21: =B21*ReturnData!B32 -> 0.0022125 | U21: =C21*ReturnData!C32 -> -0.00475 | V21: =D21*ReturnData!D32 -> 0 | W21: =E21*ReturnData!E32 -> 0 | X21: =F21*ReturnData!F32 -> -0.0039625 | Y21: =G21*ReturnData!G32 -> 0 | Z21: =H21*ReturnData!H32 -> -0.0001375 | AA21: =I21*ReturnData!I32 -> 0 | ... AI21: =Q21*ReturnData!Q32 -> 0.00145 | AK21: =S21 -> 197607 | AL21: =SUM(T21:AI21) -> -0.0073625 | AN21: 1 | AO21: =HighMomentumPortfolio!AL21-LowMomentumPortfolio!AL21 -> -0.0085 | AP21: =AN21+AO21 -> 0.9915
A22: =ReturnData!A33 -> 197608 | B22: =IF('Monthly Ranks'!B21>=9, 1/8,0) -> 0.125 | C22: =IF('Monthly Ranks'!C21>=9, 1/8,0) -> 0.125 | D22: =IF('Monthly Ranks'!D21>=9, 1/8,0) -> 0 | E22: =IF('Monthly Ranks'!E21>=9, 1/8,0) -> 0 | F22: =IF('Monthly Ranks'!F21>=9, 1/8,0) -> 0.125 | G22: =IF('Monthly Ranks'!G21>=9, 1/8,0) -> 0.125 | H22: =IF('Monthly Ranks'!H21>=9, 1/8,0) -> 0.125 | I22: =IF('Monthly Ranks'!I21>=9, 1/8,0) -> 0 | ... Q22: =IF('Monthly Ranks'!Q21>=9, 1/8,0) -> 0.125 | S22: =A22 -> 197608 | T22: =B22*ReturnData!B33 -> -0.0005625 | U22: =C22*ReturnData!C33 -> -0.0047375 | V22: =D22*ReturnData!D33 -> 0 | W22: =E22*ReturnData!E33 -> 0 | X22: =F22*ReturnData!F33 -> -0.0014625 | Y22: =G22*ReturnData!G33 -> -0.0041875 | Z22: =H22*ReturnData!H33 -> 0.002275 | AA22: =I22*ReturnData!I33 -> 0 | ... AI22: =Q22*ReturnData!Q33 -> -0.0001875 | AK22: =S22 -> 197608 | AL22: =SUM(T22:AI22) -> -0.000475 | AN22: 1 | AO22: =HighMomentumPortfolio!AL22-LowMomentumPortfolio!AL22 -> -0.0174625 | AP22: =AN22+AO22 -> 0.9825375
A23: =ReturnData!A34 -> 197609 | B23: =IF('Monthly Ranks'!B22>=9, 1/8,0) -> 0.125 | C23: =IF('Monthly Ranks'!C22>=9, 1/8,0) -> 0.125 | D23: =IF('Monthly Ranks'!D22>=9, 1/8,0) -> 0.125 | E23: =IF('Monthly Ranks'!E22>=9, 1/8,0) -> 0 | F23: =IF('Monthly Ranks'!F22>=9, 1/8,0) -> 0.125 | G23: =IF('Monthly Ranks'!G22>=9, 1/8,0) -> 0.125 | H23: =IF('Monthly Ranks'!H22>=9, 1/8,0) -> 0.125 | I23: =IF('Monthly Ranks'!I22>=9, 1/8,0) -> 0 | ... Q23: =IF('Monthly Ranks'!Q22>=9, 1/8,0) -> 0.125 | S23: =A23 -> 197609 | T23: =B23*ReturnData!B34 -> 0.0002 | U23: =C23*ReturnData!C34 -> 0.0032125 | V23: =D23*ReturnData!D34 -> 0.0075375 | W23: =E23*ReturnData!E34 -> 0 | X23: =F23*ReturnData!F34 -> -0.000925 | Y23: =G23*ReturnData!G34 -> 0.0004 | Z23: =H23*ReturnData!H34 -> 0.0040375 | AA23: =I23*ReturnData!I34 -> 0 | ... AI23: =Q23*ReturnData!Q34 -> 0.00065 | AK23: =S23 -> 197609 | AL23: =SUM(T23:AI23) -> 0.015575 | AN23: 1 | AO23: =HighMomentumPortfolio!AL23-LowMomentumPortfolio!AL23 -> 0.0119125 | AP23: =AN23+AO23 -> 1.0119125
A24: =ReturnData!A35 -> 197610 | B24: =IF('Monthly Ranks'!B23>=9, 1/8,0) -> 0.125 | C24: =IF('Monthly Ranks'!C23>=9, 1/8,0) -> 0.125 | D24: =IF('Monthly Ranks'!D23>=9, 1/8,0) -> 0.125 | E24: =IF('Monthly Ranks'!E23>=9, 1/8,0) -> 0 | F24: =IF('Monthly Ranks'!F23>=9, 1/8,0) -> 0.125 | G24: =IF('Monthly Ranks'!G23>=9, 1/8,0) -> 0.125 | H24: =IF('Monthly Ranks'!H23>=9, 1/8,0) -> 0.125 | I24: =IF('Monthly Ranks'!I23>=9, 1/8,0) -> 0 | ... Q24: =IF('Monthly Ranks'!Q23>=9, 1/8,0) -> 0 | S24: =A24 -> 197610 | T24: =B24*ReturnData!B35 -> -0.00285 | U24: =C24*ReturnData!C35 -> -0.0029875 | V24: =D24*ReturnData!D35 -> -0.0029375 | W24: =E24*ReturnData!E35 -> 0 | X24: =F24*ReturnData!F35 -> -0.0035875 | Y24: =G24*ReturnData!G35 -> -0.0030125 | Z24: =H24*ReturnData!H35 -> -0.003325 | AA24: =I24*ReturnData!I35 -> 0 | ... AI24: =Q24*ReturnData!Q35 -> 0 | AK24: =S24 -> 197610 | AL24: =SUM(T24:AI24) -> -0.024625 | AN24: 1 | AO24: =HighMomentumPortfolio!AL24-LowMomentumPortfolio!AL24 -> 0.0043 | AP24: =AN24+AO24 -> 1.0043
A25: =ReturnData!A36 -> 197611 | B25: =IF('Monthly Ranks'!B24>=9, 1/8,0) -> 0.125 | C25: =IF('Monthly Ranks'!C24>=9, 1/8,0) -> 0 | D25: =IF('Monthly Ranks'!D24>=9, 1/8,0) -> 0 | E25: =IF('Monthly Ranks'!E24>=9, 1/8,0) -> 0.125 | F25: =IF('Monthly Ranks'!F24>=9, 1/8,0) -> 0.125 | G25: =IF('Monthly Ranks'!G24>=9, 1/8,0) -> 0.125 | H25: =IF('Monthly Ranks'!H24>=9, 1/8,0) -> 0.125 | I25: =IF('Monthly Ranks'!I24>=9, 1/8,0) -> 0 | ... Q25: =IF('Monthly Ranks'!Q24>=9, 1/8,0) -> 0.125 | S25: =A25 -> 197611 | T25: =B25*ReturnData!B36 -> 0.0004625 | U25: =C25*ReturnData!C36 -> 0 | V25: =D25*ReturnData!D36 -> 0 | W25: =E25*ReturnData!E36 -> 0.0086375 | X25: =F25*ReturnData!F36 -> -0.0018125 | Y25: =G25*ReturnData!G36 -> -0.0064125 | Z25: =H25*ReturnData!H36 -> -0.0077875 | AA25: =I25*ReturnData!I36 -> 0 | ... AI25: =Q25*ReturnData!Q36 -> 0.0021375 | AK25: =S25 -> 197611 | AL25: =SUM(T25:AI25) -> 0.005475 | AN25: 1 | AO25: =HighMomentumPortfolio!AL25-LowMomentumPortfolio!AL25 -> 0.0086875 | AP25: =AN25+AO25 -> 1.0086875
A26: =ReturnData!A37 -> 197612 | B26: =IF('Monthly Ranks'!B25>=9, 1/8,0) -> 0.125 | C26: =IF('Monthly Ranks'!C25>=9, 1/8,0) -> 0 | D26: =IF('Monthly Ranks'!D25>=9, 1/8,0) -> 0 | E26: =IF('Monthly Ranks'!E25>=9, 1/8,0) -> 0.125 | F26: =IF('Monthly Ranks'!F25>=9, 1/8,0) -> 0.125 | G26: =IF('Monthly Ranks'!G25>=9, 1/8,0) -> 0.125 | H26: =IF('Monthly Ranks'!H25>=9, 1/8,0) -> 0.125 | I26: =IF('Monthly Ranks'!I25>=9, 1/8,0) -> 0 | ... Q26: =IF('Monthly Ranks'!Q25>=9, 1/8,0) -> 0.125 | S26: =A26 -> 197612 | T26: =B26*ReturnData!B37 -> 0.0057625 | U26: =C26*ReturnData!C37 -> 0 | V26: =D26*ReturnData!D37 -> 0 | W26: =E26*ReturnData!E37 -> 0.0079875 | X26: =F26*ReturnData!F37 -> 0.0059125 | Y26: =G26*ReturnData!G37 -> 0.012725 | Z26: =H26*ReturnData!H37 -> 0.0066 | AA26: =I26*ReturnData!I37 -> 0 | ... AI26: =Q26*ReturnData!Q37 -> 0.0111625 | AK26: =S26 -> 197612 | AL26: =SUM(T26:AI26) -> 0.0601875 | AN26: 1 | AO26: =HighMomentumPortfolio!AL26-LowMomentumPortfolio!AL26 -> 0.0092625 | AP26: =AN26+AO26 -> 1.0092625
A27: =ReturnData!A38 -> 197701 | B27: =IF('Monthly Ranks'!B26>=9, 1/8,0) -> 0.125 | C27: =IF('Monthly Ranks'!C26>=9, 1/8,0) -> 0 | D27: =IF('Monthly Ranks'!D26>=9, 1/8,0) -> 0 | E27: =IF('Monthly Ranks'!E26>=9, 1/8,0) -> 0.125 | F27: =IF('Monthly Ranks'!F26>=9, 1/8,0) -> 0.125 | G27: =IF('Monthly Ranks'!G26>=9, 1/8,0) -> 0.125 | H27: =IF('Monthly Ranks'!H26>=9, 1/8,0) -> 0.125 | I27: =IF('Monthly Ranks'!I26>=9, 1/8,0) -> 0 | ... Q27: =IF('Monthly Ranks'!Q26>=9, 1/8,0) -> 0 | S27: =A27 -> 197701 | T27: =B27*ReturnData!B38 -> -0.006275 | U27: =C27*ReturnData!C38 -> 0 | V27: =D27*ReturnData!D38 -> 0 | W27: =E27*ReturnData!E38 -> -0.0008125 | X27: =F27*ReturnData!F38 -> -0.009975 | Y27: =G27*ReturnData!G38 -> -0.0071625 | Z27: =H27*ReturnData!H38 -> -0.0100875 | AA27: =I27*ReturnData!I38 -> 0 | ... AI27: =Q27*ReturnData!Q38 -> 0 | AK27: =S27 -> 197701 | AL27: =SUM(T27:AI27) -> -0.04815 | AN27: 1 | AO27: =HighMomentumPortfolio!AL27-LowMomentumPortfolio!AL27 -> 0.022325 | AP27: =AN27+AO27 -> 1.022325 | AR27: =PRODUCT(AP27:AP38) -> 1.1031385
A28: =ReturnData!A39 -> 197702 | B28: =IF('Monthly Ranks'!B27>=9, 1/8,0) -> 0.125 | C28: =IF('Monthly Ranks'!C27>=9, 1/8,0) -> 0 | D28: =IF('Monthly Ranks'!D27>=9, 1/8,0) -> 0 | E28: =IF('Monthly Ranks'!E27>=9, 1/8,0) -> 0.125 | F28: =IF('Monthly Ranks'!F27>=9, 1/8,0) -> 0.125 | G28: =IF('Monthly Ranks'!G27>=9, 1/8,0) -> 0.125 | H28: =IF('Monthly Ranks'!H27>=9, 1/8,0) -> 0.125 | I28: =IF('Monthly Ranks'!I27>=9, 1/8,0) -> 0 | ... Q28: =IF('Monthly Ranks'!Q27>=9, 1/8,0) -> 0 | S28: =A28 -> 197702 | T28: =B28*ReturnData!B39 -> -0.0008125 | U28: =C28*ReturnData!C39 -> 0 | V28: =D28*ReturnData!D39 -> 0 | W28: =E28*ReturnData!E39 -> -0.0057125 | X28: =F28*ReturnData!F39 -> -0.003225 | Y28: =G28*ReturnData!G39 -> -0.00095 | Z28: =H28*ReturnData!H39 -> -0.00045 | AA28: =I28*ReturnData!I39 -> 0 | ... AI28: =Q28*ReturnData!Q39 -> 0 | AK28: =S28 -> 197702 | AL28: =SUM(T28:AI28) -> -0.014225 | AN28: 1 | AO28: =HighMomentumPortfolio!AL28-LowMomentumPortfolio!AL28 -> -0.0060375 | AP28: =AN28+AO28 -> 0.9939625
A29: =ReturnData!A40 -> 197703 | B29: =IF('Monthly Ranks'!B28>=9, 1/8,0) -> 0.125 | C29: =IF('Monthly Ranks'!C28>=9, 1/8,0) -> 0 | D29: =IF('Monthly Ranks'!D28>=9, 1/8,0) -> 0 | E29: =IF('Monthly Ranks'!E28>=9, 1/8,0) -> 0.125 | F29: =IF('Monthly Ranks'!F28>=9, 1/8,0) -> 0.125 | G29: =IF('Monthly Ranks'!G28>=9, 1/8,0) -> 0.125 | H29: =IF('Monthly Ranks'!H28>=9, 1/8,0) -> 0.125 | I29: =IF('Monthly Ranks'!I28>=9, 1/8,0) -> 0 | ... Q29: =IF('Monthly Ranks'!Q28>=9, 1/8,0) -> 0 | S29: =A29 -> 197703 | T29: =B29*ReturnData!B40 -> -0.0014875 | U29: =C29*ReturnData!C40 -> 0 | V29: =D29*ReturnData!D40 -> 0 | W29: =E29*ReturnData!E40 -> -0.001225 | X29: =F29*ReturnData!F40 -> -0.0048375 | Y29: =G29*ReturnData!G40 -> -0.0005125 | Z29: =H29*ReturnData!H40 -> -0.0028 | AA29: =I29*ReturnData!I40 -> 0 | ... AI29: =Q29*ReturnData!Q40 -> 0 | AK29: =S29 -> 197703 | AL29: =SUM(T29:AI29) -> -0.0131125 | AN29: 1 | AO29: =HighMomentumPortfolio!AL29-LowMomentumPortfolio!AL29 -> 0.009275 | AP29: =AN29+AO29 -> 1.009275
A30: =ReturnData!A41 -> 197704 | B30: =IF('Monthly Ranks'!B29>=9, 1/8,0) -> 0.125 | C30: =IF('Monthly Ranks'!C29>=9, 1/8,0) -> 0 | D30: =IF('Monthly Ranks'!D29>=9, 1/8,0) -> 0 | E30: =IF('Monthly Ranks'!E29>=9, 1/8,0) -> 0.125 | F30: =IF('Monthly Ranks'!F29>=9, 1/8,0) -> 0.125 | G30: =IF('Monthly Ranks'!G29>=9, 1/8,0) -> 0.125 | H30: =IF('Monthly Ranks'!H29>=9, 1/8,0) -> 0.125 | I30: =IF('Monthly Ranks'!I29>=9, 1/8,0) -> 0 | ... Q30: =IF('Monthly Ranks'!Q29>=9, 1/8,0) -> 0 | S30: =A30 -> 197704 | T30: =B30*ReturnData!B41 -> -0.00025 | U30: =C30*ReturnData!C41 -> 0 | V30: =D30*ReturnData!D41 -> 0 | W30: =E30*ReturnData!E41 -> 0.0028875 | X30: =F30*ReturnData!F41 -> -0.0013125 | Y30: =G30*ReturnData!G41 -> -0.000675 | Z30: =H30*ReturnData!H41 -> -0.003675 | AA30: =I30*ReturnData!I41 -> 0 | ... AI30: =Q30*ReturnData!Q41 -> 0 | AK30: =S30 -> 197704 | AL30: =SUM(T30:AI30) -> -0.0089 | AN30: 1 | AO30: =HighMomentumPortfolio!AL30-LowMomentumPortfolio!AL30 -> 0.0329625 | AP30: =AN30+AO30 -> 1.0329625
A31: =ReturnData!A42 -> 197705 | B31: =IF('Monthly Ranks'!B30>=9, 1/8,0) -> 0.125 | C31: =IF('Monthly Ranks'!C30>=9, 1/8,0) -> 0 | D31: =IF('Monthly Ranks'!D30>=9, 1/8,0) -> 0 | E31: =IF('Monthly Ranks'!E30>=9, 1/8,0) -> 0.125 | F31: =IF('Monthly Ranks'!F30>=9, 1/8,0) -> 0.125 | G31: =IF('Monthly Ranks'!G30>=9, 1/8,0) -> 0.125 | H31: =IF('Monthly Ranks'!H30>=9, 1/8,0) -> 0.125 | I31: =IF('Monthly Ranks'!I30>=9, 1/8,0) -> 0 | ... Q31: =IF('Monthly Ranks'!Q30>=9, 1/8,0) -> 0 | S31: =A31 -> 197705 | T31: =B31*ReturnData!B42 -> -0.0011 | U31: =C31*ReturnData!C42 -> 0 | V31: =D31*ReturnData!D42 -> 0 | W31: =E31*ReturnData!E42 -> -0.0057 | X31: =F31*ReturnData!F42 -> -0.00465 | Y31: =G31*ReturnData!G42 -> -0.0046 | Z31: =H31*ReturnData!H42 -> -0.0022 | AA31: =I31*ReturnData!I42 -> 0 | ... AI31: =Q31*ReturnData!Q42 -> 0 | AK31: =S31 -> 197705 | AL31: =SUM(T31:AI31) -> -0.0296375 | AN31: 1 | AO31: =HighMomentumPortfolio!AL31-LowMomentumPortfolio!AL31 -> 0.0181875 | AP31: =AN31+AO31 -> 1.0181875
A32: =ReturnData!A43 -> 197706 | B32: =IF('Monthly Ranks'!B31>=9, 1/8,0) -> 0.125 | C32: =IF('Monthly Ranks'!C31>=9, 1/8,0) -> 0.125 | D32: =IF('Monthly Ranks'!D31>=9, 1/8,0) -> 0 | E32: =IF('Monthly Ranks'!E31>=9, 1/8,0) -> 0 | F32: =IF('Monthly Ranks'!F31>=9, 1/8,0) -> 0.125 | G32: =IF('Monthly Ranks'!G31>=9, 1/8,0) -> 0.125 | H32: =IF('Monthly Ranks'!H31>=9, 1/8,0) -> 0.125 | I32: =IF('Monthly Ranks'!I31>=9, 1/8,0) -> 0 | ... Q32: =IF('Monthly Ranks'!Q31>=9, 1/8,0) -> 0 | S32: =A32 -> 197706 | T32: =B32*ReturnData!B43 -> 0.0050875 | U32: =C32*ReturnData!C43 -> 0.001325 | V32: =D32*ReturnData!D43 -> 0 | W32: =E32*ReturnData!E43 -> 0 | X32: =F32*ReturnData!F43 -> 0.0063125 | Y32: =G32*ReturnData!G43 -> 0 | Z32: =H32*ReturnData!H43 -> 0.0095125 | AA32: =I32*ReturnData!I43 -> 0 | ... AI32: =Q32*ReturnData!Q43 -> 0 | AK32: =S32 -> 197706 | AL32: =SUM(T32:AI32) -> 0.0383625 | AN32: 1 | AO32: =HighMomentumPortfolio!AL32-LowMomentumPortfolio!AL32 -> 0.0128125 | AP32: =AN32+AO32 -> 1.0128125
A33: =ReturnData!A44 -> 197707 | B33: =IF('Monthly Ranks'!B32>=9, 1/8,0) -> 0.125 | C33: =IF('Monthly Ranks'!C32>=9, 1/8,0) -> 0.125 | D33: =IF('Monthly Ranks'!D32>=9, 1/8,0) -> 0 | E33: =IF('Monthly Ranks'!E32>=9, 1/8,0) -> 0 | F33: =IF('Monthly Ranks'!F32>=9, 1/8,0) -> 0.125 | G33: =IF('Monthly Ranks'!G32>=9, 1/8,0) -> 0.125 | H33: =IF('Monthly Ranks'!H32>=9, 1/8,0) -> 0.125 | I33: =IF('Monthly Ranks'!I32>=9, 1/8,0) -> 0 | ... Q33: =IF('Monthly Ranks'!Q32>=9, 1/8,0) -> 0 | S33: =A33 -> 197707 | T33: =B33*ReturnData!B44 -> 0.0023375 | U33: =C33*ReturnData!C44 -> -0.0074125 | V33: =D33*ReturnData!D44 -> 0 | W33: =E33*ReturnData!E44 -> 0 | X33: =F33*ReturnData!F44 -> -0.002775 | Y33: =G33*ReturnData!G44 -> -0.004075 | Z33: =H33*ReturnData!H44 -> -0.00095 | AA33: =I33*ReturnData!I44 -> 0 | ... AI33: =Q33*ReturnData!Q44 -> 0 | AK33: =S33 -> 197707 | AL33: =SUM(T33:AI33) -> -0.0238875 | AN33: 1 | AO33: =HighMomentumPortfolio!AL33-LowMomentumPortfolio!AL33 -> 0.008925 | AP33: =AN33+AO33 -> 1.008925
A34: =ReturnData!A45 -> 197708 | B34: =IF('Monthly Ranks'!B33>=9, 1/8,0) -> 0.125 | C34: =IF('Monthly Ranks'!C33>=9, 1/8,0) -> 0.125 | D34: =IF('Monthly Ranks'!D33>=9, 1/8,0) -> 0 | E34: =IF('Monthly Ranks'!E33>=9, 1/8,0) -> 0 | F34: =IF('Monthly Ranks'!F33>=9, 1/8,0) -> 0.125 | G34: =IF('Monthly Ranks'!G33>=9, 1/8,0) -> 0.125 | H34: =IF('Monthly Ranks'!H33>=9, 1/8,0) -> 0.125 | I34: =IF('Monthly Ranks'!I33>=9, 1/8,0) -> 0 | ... Q34: =IF('Monthly Ranks'!Q33>=9, 1/8,0) -> 0 | S34: =A34 -> 197708 | T34: =B34*ReturnData!B45 -> -6.25e-05 | U34: =C34*ReturnData!C45 -> -0.0018125 | V34: =D34*ReturnData!D45 -> 0 | W34: =E34*ReturnData!E45 -> 0 | X34: =F34*ReturnData!F45 -> 0.0016625 | Y34: =G34*ReturnData!G45 -> -0.0038 | Z34: =H34*ReturnData!H45 -> 0.004475 | AA34: =I34*ReturnData!I45 -> 0 | ... AI34: =Q34*ReturnData!Q45 -> 0 | AK34: =S34 -> 197708 | AL34: =SUM(T34:AI34) -> 0.00065 | AN34: 1 | AO34: =HighMomentumPortfolio!AL34-LowMomentumPortfolio!AL34 -> -0.02005 | AP34: =AN34+AO34 -> 0.97995
A35: =ReturnData!A46 -> 197709 | B35: =IF('Monthly Ranks'!B34>=9, 1/8,0) -> 0.125 | C35: =IF('Monthly Ranks'!C34>=9, 1/8,0) -> 0.125 | D35: =IF('Monthly Ranks'!D34>=9, 1/8,0) -> 0 | E35: =IF('Monthly Ranks'!E34>=9, 1/8,0) -> 0 | F35: =IF('Monthly Ranks'!F34>=9, 1/8,0) -> 0.125 | G35: =IF('Monthly Ranks'!G34>=9, 1/8,0) -> 0.125 | H35: =IF('Monthly Ranks'!H34>=9, 1/8,0) -> 0.125 | I35: =IF('Monthly Ranks'!I34>=9, 1/8,0) -> 0 | ... Q35: =IF('Monthly Ranks'!Q34>=9, 1/8,0) -> 0 | S35: =A35 -> 197709 | T35: =B35*ReturnData!B46 -> 0.0008 | U35: =C35*ReturnData!C46 -> -0.0017 | V35: =D35*ReturnData!D46 -> 0 | W35: =E35*ReturnData!E46 -> 0 | X35: =F35*ReturnData!F46 -> -0.001175 | Y35: =G35*ReturnData!G46 -> -0.0003125 | Z35: =H35*ReturnData!H46 -> -0.0015125 | AA35: =I35*ReturnData!I46 -> 0 | ... AI35: =Q35*ReturnData!Q46 -> 0 | AK35: =S35 -> 197709 | AL35: =SUM(T35:AI35) -> -0.013525 | AN35: 1 | AO35: =HighMomentumPortfolio!AL35-LowMomentumPortfolio!AL35 -> 0.0195875 | AP35: =AN35+AO35 -> 1.0195875
A36: =ReturnData!A47 -> 197710 | B36: =IF('Monthly Ranks'!B35>=9, 1/8,0) -> 0 | C36: =IF('Monthly Ranks'!C35>=9, 1/8,0) -> 0.125 | D36: =IF('Monthly Ranks'!D35>=9, 1/8,0) -> 0.125 | E36: =IF('Monthly Ranks'!E35>=9, 1/8,0) -> 0 | F36: =IF('Monthly Ranks'!F35>=9, 1/8,0) -> 0.125 | G36: =IF('Monthly Ranks'!G35>=9, 1/8,0) -> 0.125 | H36: =IF('Monthly Ranks'!H35>=9, 1/8,0) -> 0.125 | I36: =IF('Monthly Ranks'!I35>=9, 1/8,0) -> 0 | ... Q36: =IF('Monthly Ranks'!Q35>=9, 1/8,0) -> 0 | S36: =A36 -> 197710 | T36: =B36*ReturnData!B47 -> 0 | U36: =C36*ReturnData!C47 -> -0.007025 | V36: =D36*ReturnData!D47 -> -0.004575 | W36: =E36*ReturnData!E47 -> 0 | X36: =F36*ReturnData!F47 -> -0.009425 | Y36: =G36*ReturnData!G47 -> -0.0038875 | Z36: =H36*ReturnData!H47 -> -0.0039875 | AA36: =I36*ReturnData!I47 -> 0 | ... AI36: =Q36*ReturnData!Q47 -> 0 | AK36: =S36 -> 197710 | AL36: =SUM(T36:AI36) -> -0.0373875 | AN36: 1 | AO36: =HighMomentumPortfolio!AL36-LowMomentumPortfolio!AL36 -> 0.0010875 | AP36: =AN36+AO36 -> 1.0010875
A37: =ReturnData!A48 -> 197711 | B37: =IF('Monthly Ranks'!B36>=9, 1/8,0) -> 0 | C37: =IF('Monthly Ranks'!C36>=9, 1/8,0) -> 0.125 | D37: =IF('Monthly Ranks'!D36>=9, 1/8,0) -> 0 | E37: =IF('Monthly Ranks'!E36>=9, 1/8,0) -> 0 | F37: =IF('Monthly Ranks'!F36>=9, 1/8,0) -> 0.125 | G37: =IF('Monthly Ranks'!G36>=9, 1/8,0) -> 0.125 | H37: =IF('Monthly Ranks'!H36>=9, 1/8,0) -> 0.125 | I37: =IF('Monthly Ranks'!I36>=9, 1/8,0) -> 0.125 | ... Q37: =IF('Monthly Ranks'!Q36>=9, 1/8,0) -> 0 | S37: =A37 -> 197711 | T37: =B37*ReturnData!B48 -> 0 | U37: =C37*ReturnData!C48 -> 0.004725 | V37: =D37*ReturnData!D48 -> 0 | W37: =E37*ReturnData!E48 -> 0 | X37: =F37*ReturnData!F48 -> 0.0021375 | Y37: =G37*ReturnData!G48 -> 0.00355 | Z37: =H37*ReturnData!H48 -> 0.00675 | AA37: =I37*ReturnData!I48 -> 0.0096125 | ... AI37: =Q37*ReturnData!Q48 -> 0 | AK37: =S37 -> 197711 | AL37: =SUM(T37:AI37) -> 0.042275 | AN37: 1 | AO37: =HighMomentumPortfolio!AL37-LowMomentumPortfolio!AL37 -> 0.0063875 | AP37: =AN37+AO37 -> 1.0063875
A38: =ReturnData!A49 -> 197712 | B38: =IF('Monthly Ranks'!B37>=9, 1/8,0) -> 0 | C38: =IF('Monthly Ranks'!C37>=9, 1/8,0) -> 0.125 | D38: =IF('Monthly Ranks'!D37>=9, 1/8,0) -> 0 | E38: =IF('Monthly Ranks'!E37>=9, 1/8,0) -> 0 | F38: =IF('Monthly Ranks'!F37>=9, 1/8,0) -> 0.125 | G38: =IF('Monthly Ranks'!G37>=9, 1/8,0) -> 0.125 | H38: =IF('Monthly Ranks'!H37>=9, 1/8,0) -> 0.125 | I38: =IF('Monthly Ranks'!I37>=9, 1/8,0) -> 0.125 | ... Q38: =IF('Monthly Ranks'!Q37>=9, 1/8,0) -> 0 | S38: =A38 -> 197712 | T38: =B38*ReturnData!B49 -> 0 | U38: =C38*ReturnData!C49 -> 0.0012375 | V38: =D38*ReturnData!D49 -> 0 | W38: =E38*ReturnData!E49 -> 0 | X38: =F38*ReturnData!F49 -> -0.0006125 | Y38: =G38*ReturnData!G49 -> 0.0017125 | Z38: =H38*ReturnData!H49 -> -0.0004875 | AA38: =I38*ReturnData!I49 -> 0.0005 | ... AI38: =Q38*ReturnData!Q49 -> 0 | AK38: =S38 -> 197712 | AL38: =SUM(T38:AI38) -> 0.008225 | AN38: 1 | AO38: =HighMomentumPortfolio!AL38-LowMomentumPortfolio!AL38 -> -0.00575 | AP38: =AN38+AO38 -> 0.99425
A39: =ReturnData!A50 -> 197801 | B39: =IF('Monthly Ranks'!B38>=9, 1/8,0) -> 0 | C39: =IF('Monthly Ranks'!C38>=9, 1/8,0) -> 0.125 | D39: =IF('Monthly Ranks'!D38>=9, 1/8,0) -> 0.125 | E39: =IF('Monthly Ranks'!E38>=9, 1/8,0) -> 0 | F39: =IF('Monthly Ranks'!F38>=9, 1/8,0) -> 0.125 | G39: =IF('Monthly Ranks'!G38>=9, 1/8,0) -> 0.125 | H39: =IF('Monthly Ranks'!H38>=9, 1/8,0) -> 0.125 | I39: =IF('Monthly Ranks'!I38>=9, 1/8,0) -> 0 | ... Q39: =IF('Monthly Ranks'!Q38>=9, 1/8,0) -> 0 | S39: =A39 -> 197801 | T39: =B39*ReturnData!B50 -> 0 | U39: =C39*ReturnData!C50 -> -0.0063625 | V39: =D39*ReturnData!D50 -> -0.0087375 | W39: =E39*ReturnData!E50 -> 0 | X39: =F39*ReturnData!F50 -> -0.008925 | Y39: =G39*ReturnData!G50 -> -0.0079875 | Z39: =H39*ReturnData!H50 -> -0.0043625 | AA39: =I39*ReturnData!I50 -> 0 | ... AI39: =Q39*ReturnData!Q50 -> 0 | AK39: =S39 -> 197801 | AL39: =SUM(T39:AI39) -> -0.059475 | AN39: 1 | AO39: =HighMomentumPortfolio!AL39-LowMomentumPortfolio!AL39 -> 0.0125875 | AP39: =AN39+AO39 -> 1.0125875 | AR39: =PRODUCT(AP39:AP50) -> 1.0112327
A40: =ReturnData!A51 -> 197802 | B40: =IF('Monthly Ranks'!B39>=9, 1/8,0) -> 0 | C40: =IF('Monthly Ranks'!C39>=9, 1/8,0) -> 0.125 | D40: =IF('Monthly Ranks'!D39>=9, 1/8,0) -> 0.125 | E40: =IF('Monthly Ranks'!E39>=9, 1/8,0) -> 0 | F40: =IF('Monthly Ranks'!F39>=9, 1/8,0) -> 0.125 | G40: =IF('Monthly Ranks'!G39>=9, 1/8,0) -> 0.125 | H40: =IF('Monthly Ranks'!H39>=9, 1/8,0) -> 0 | I40: =IF('Monthly Ranks'!I39>=9, 1/8,0) -> 0.125 | ... Q40: =IF('Monthly Ranks'!Q39>=9, 1/8,0) -> 0 | S40: =A40 -> 197802 | T40: =B40*ReturnData!B51 -> 0 | U40: =C40*ReturnData!C51 -> -0.001425 | V40: =D40*ReturnData!D51 -> -0.0014625 | W40: =E40*ReturnData!E51 -> 0 | X40: =F40*ReturnData!F51 -> -0.0039875 | Y40: =G40*ReturnData!G51 -> -0.0060375 | Z40: =H40*ReturnData!H51 -> 0 | AA40: =I40*ReturnData!I51 -> 5e-05 | ... AI40: =Q40*ReturnData!Q51 -> 0 | AK40: =S40 -> 197802 | AL40: =SUM(T40:AI40) -> -0.0163125 | AN40: 1 | AO40: =HighMomentumPortfolio!AL40-LowMomentumPortfolio!AL40 -> 0.01075 | AP40: =AN40+AO40 -> 1.01075
A41: =ReturnData!A52 -> 197803 | B41: =IF('Monthly Ranks'!B40>=9, 1/8,0) -> 0 | C41: =IF('Monthly Ranks'!C40>=9, 1/8,0) -> 0.125 | D41: =IF('Monthly Ranks'!D40>=9, 1/8,0) -> 0.125 | E41: =IF('Monthly Ranks'!E40>=9, 1/8,0) -> 0 | F41: =IF('Monthly Ranks'!F40>=9, 1/8,0) -> 0.125 | G41: =IF('Monthly Ranks'!G40>=9, 1/8,0) -> 0.125 | H41: =IF('Monthly Ranks'!H40>=9, 1/8,0) -> 0 | I41: =IF('Monthly Ranks'!I40>=9, 1/8,0) -> 0.125 | ... Q41: =IF('Monthly Ranks'!Q40>=9, 1/8,0) -> 0 | S41: =A41 -> 197803 | T41: =B41*ReturnData!B52 -> 0 | U41: =C41*ReturnData!C52 -> 0.0037625 | V41: =D41*ReturnData!D52 -> 0.0028375 | W41: =E41*ReturnData!E52 -> 0 | X41: =F41*ReturnData!F52 -> 0.00525 | Y41: =G41*ReturnData!G52 -> 0.0050375 | Z41: =H41*ReturnData!H52 -> 0 | AA41: =I41*ReturnData!I52 -> 0.0068875 | ... AI41: =Q41*ReturnData!Q52 -> 0 | AK41: =S41 -> 197803 | AL41: =SUM(T41:AI41) -> 0.04235 | AN41: 1 | AO41: =HighMomentumPortfolio!AL41-LowMomentumPortfolio!AL41 -> -0.0027375 | AP41: =AN41+AO41 -> 0.9972625
A42: =ReturnData!A53 -> 197804 | B42: =IF('Monthly Ranks'!B41>=9, 1/8,0) -> 0 | C42: =IF('Monthly Ranks'!C41>=9, 1/8,0) -> 0.125 | D42: =IF('Monthly Ranks'!D41>=9, 1/8,0) -> 0.125 | E42: =IF('Monthly Ranks'!E41>=9, 1/8,0) -> 0 | F42: =IF('Monthly Ranks'!F41>=9, 1/8,0) -> 0.125 | G42: =IF('Monthly Ranks'!G41>=9, 1/8,0) -> 0.125 | H42: =IF('Monthly Ranks'!H41>=9, 1/8,0) -> 0 | I42: =IF('Monthly Ranks'!I41>=9, 1/8,0) -> 0.125 | ... Q42: =IF('Monthly Ranks'!Q41>=9, 1/8,0) -> 0 | S42: =A42 -> 197804 | T42: =B42*ReturnData!B53 -> 0 | U42: =C42*ReturnData!C53 -> 0.0073625 | V42: =D42*ReturnData!D53 -> 0.0089625 | W42: =E42*ReturnData!E53 -> 0 | X42: =F42*ReturnData!F53 -> 0.017275 | Y42: =G42*ReturnData!G53 -> 0.0136875 | Z42: =H42*ReturnData!H53 -> 0 | AA42: =I42*ReturnData!I53 -> 0.0122375 | ... AI42: =Q42*ReturnData!Q53 -> 0 | AK42: =S42 -> 197804 | AL42: =SUM(T42:AI42) -> 0.10155 | AN42: 1 | AO42: =HighMomentumPortfolio!AL42-LowMomentumPortfolio!AL42 -> -0.0282125 | AP42: =AN42+AO42 -> 0.9717875
A43: =ReturnData!A54 -> 197805 | B43: =IF('Monthly Ranks'!B42>=9, 1/8,0) -> 0 | C43: =IF('Monthly Ranks'!C42>=9, 1/8,0) -> 0.125 | D43: =IF('Monthly Ranks'!D42>=9, 1/8,0) -> 0.125 | E43: =IF('Monthly Ranks'!E42>=9, 1/8,0) -> 0 | F43: =IF('Monthly Ranks'!F42>=9, 1/8,0) -> 0.125 | G43: =IF('Monthly Ranks'!G42>=9, 1/8,0) -> 0.125 | H43: =IF('Monthly Ranks'!H42>=9, 1/8,0) -> 0 | I43: =IF('Monthly Ranks'!I42>=9, 1/8,0) -> 0.125 | ... Q43: =IF('Monthly Ranks'!Q42>=9, 1/8,0) -> 0 | S43: =A43 -> 197805 | T43: =B43*ReturnData!B54 -> 0 | U43: =C43*ReturnData!C54 -> 0.0031 | V43: =D43*ReturnData!D54 -> 0.0015875 | W43: =E43*ReturnData!E54 -> 0 | X43: =F43*ReturnData!F54 -> 0.0064875 | Y43: =G43*ReturnData!G54 -> 0.00015 | Z43: =H43*ReturnData!H54 -> 0 | AA43: =I43*ReturnData!I54 -> 0.004925 | ... AI43: =Q43*ReturnData!Q54 -> 0 | AK43: =S43 -> 197805 | AL43: =SUM(T43:AI43) -> 0.024875 | AN43: 1 | AO43: =HighMomentumPortfolio!AL43-LowMomentumPortfolio!AL43 -> 0.0017 | AP43: =AN43+AO43 -> 1.0017
A44: =ReturnData!A55 -> 197806 | B44: =IF('Monthly Ranks'!B43>=9, 1/8,0) -> 0.125 | C44: =IF('Monthly Ranks'!C43>=9, 1/8,0) -> 0.125 | D44: =IF('Monthly Ranks'!D43>=9, 1/8,0) -> 0.125 | E44: =IF('Monthly Ranks'!E43>=9, 1/8,0) -> 0 | F44: =IF('Monthly Ranks'!F43>=9, 1/8,0) -> 0.125 | G44: =IF('Monthly Ranks'!G43>=9, 1/8,0) -> 0.125 | H44: =IF('Monthly Ranks'!H43>=9, 1/8,0) -> 0 | I44: =IF('Monthly Ranks'!I43>=9, 1/8,0) -> 0 | ... Q44: =IF('Monthly Ranks'!Q43>=9, 1/8,0) -> 0 | S44: =A44 -> 197806 | T44: =B44*ReturnData!B55 -> 0.0006125 | U44: =C44*ReturnData!C55 -> -0.0052 | V44: =D44*ReturnData!D55 -> -0.004925 | W44: =E44*ReturnData!E55 -> 0 | X44: =F44*ReturnData!F55 -> -0.003325 | Y44: =G44*ReturnData!G55 -> -0.0032 | Z44: =H44*ReturnData!H55 -> 0 | AA44: =I44*ReturnData!I55 -> 0 | ... AI44: =Q44*ReturnData!Q55 -> 0 | AK44: =S44 -> 197806 | AL44: =SUM(T44:AI44) -> -0.0263 | AN44: 1 | AO44: =HighMomentumPortfolio!AL44-LowMomentumPortfolio!AL44 -> 0.02025 | AP44: =AN44+AO44 -> 1.02025
A45: =ReturnData!A56 -> 197807 | B45: =IF('Monthly Ranks'!B44>=9, 1/8,0) -> 0 | C45: =IF('Monthly Ranks'!C44>=9, 1/8,0) -> 0.125 | D45: =IF('Monthly Ranks'!D44>=9, 1/8,0) -> 0.125 | E45: =IF('Monthly Ranks'!E44>=9, 1/8,0) -> 0 | F45: =IF('Monthly Ranks'!F44>=9, 1/8,0) -> 0.125 | G45: =IF('Monthly Ranks'!G44>=9, 1/8,0) -> 0.125 | H45: =IF('Monthly Ranks'!H44>=9, 1/8,0) -> 0 | I45: =IF('Monthly Ranks'!I44>=9, 1/8,0) -> 0 | ... Q45: =IF('Monthly Ranks'!Q44>=9, 1/8,0) -> 0 | S45: =A45 -> 197807 | T45: =B45*ReturnData!B56 -> 0 | U45: =C45*ReturnData!C56 -> 0.01035 | V45: =D45*ReturnData!D56 -> 0.00405 | W45: =E45*ReturnData!E56 -> 0 | X45: =F45*ReturnData!F56 -> 0.0108375 | Y45: =G45*ReturnData!G56 -> 0.0068625 | Z45: =H45*ReturnData!H56 -> 0 | AA45: =I45*ReturnData!I56 -> 0 | ... AI45: =Q45*ReturnData!Q56 -> 0 | AK45: =S45 -> 197807 | AL45: =SUM(T45:AI45) -> 0.060875 | AN45: 1 | AO45: =HighMomentumPortfolio!AL45-LowMomentumPortfolio!AL45 -> 0.0008375 | AP45: =AN45+AO45 -> 1.0008375
A46: =ReturnData!A57 -> 197808 | B46: =IF('Monthly Ranks'!B45>=9, 1/8,0) -> 0.125 | C46: =IF('Monthly Ranks'!C45>=9, 1/8,0) -> 0.125 | D46: =IF('Monthly Ranks'!D45>=9, 1/8,0) -> 0.125 | E46: =IF('Monthly Ranks'!E45>=9, 1/8,0) -> 0 | F46: =IF('Monthly Ranks'!F45>=9, 1/8,0) -> 0.125 | G46: =IF('Monthly Ranks'!G45>=9, 1/8,0) -> 0.125 | H46: =IF('Monthly Ranks'!H45>=9, 1/8,0) -> 0 | I46: =IF('Monthly Ranks'!I45>=9, 1/8,0) -> 0 | ... Q46: =IF('Monthly Ranks'!Q45>=9, 1/8,0) -> 0 | S46: =A46 -> 197808 | T46: =B46*ReturnData!B57 -> 0.0041875 | U46: =C46*ReturnData!C57 -> 0.00475 | V46: =D46*ReturnData!D57 -> 0.00705 | W46: =E46*ReturnData!E57 -> 0 | X46: =F46*ReturnData!F57 -> 0.0040625 | Y46: =G46*ReturnData!G57 -> 0.005975 | Z46: =H46*ReturnData!H57 -> 0 | AA46: =I46*ReturnData!I57 -> 0 | ... AI46: =Q46*ReturnData!Q57 -> 0 | AK46: =S46 -> 197808 | AL46: =SUM(T46:AI46) -> 0.0308625 | AN46: 1 | AO46: =HighMomentumPortfolio!AL46-LowMomentumPortfolio!AL46 -> 0.0236 | AP46: =AN46+AO46 -> 1.0236
A47: =ReturnData!A58 -> 197809 | B47: =IF('Monthly Ranks'!B46>=9, 1/8,0) -> 0.125 | C47: =IF('Monthly Ranks'!C46>=9, 1/8,0) -> 0.125 | D47: =IF('Monthly Ranks'!D46>=9, 1/8,0) -> 0.125 | E47: =IF('Monthly Ranks'!E46>=9, 1/8,0) -> 0 | F47: =IF('Monthly Ranks'!F46>=9, 1/8,0) -> 0.125 | G47: =IF('Monthly Ranks'!G46>=9, 1/8,0) -> 0.125 | H47: =IF('Monthly Ranks'!H46>=9, 1/8,0) -> 0 | I47: =IF('Monthly Ranks'!I46>=9, 1/8,0) -> 0 | ... Q47: =IF('Monthly Ranks'!Q46>=9, 1/8,0) -> 0 | S47: =A47 -> 197809 | T47: =B47*ReturnData!B58 -> -0.0007875 | U47: =C47*ReturnData!C58 -> 0.00285 | V47: =D47*ReturnData!D58 -> 0.0062125 | W47: =E47*ReturnData!E58 -> 0 | X47: =F47*ReturnData!F58 -> -0.0037125 | Y47: =G47*ReturnData!G58 -> -0.0002125 | Z47: =H47*ReturnData!H58 -> 0 | AA47: =I47*ReturnData!I58 -> 0 | ... AI47: =Q47*ReturnData!Q58 -> 0 | AK47: =S47 -> 197809 | AL47: =SUM(T47:AI47) -> 0.001375 | AN47: 1 | AO47: =HighMomentumPortfolio!AL47-LowMomentumPortfolio!AL47 -> -0.0211375 | AP47: =AN47+AO47 -> 0.9788625
A48: =ReturnData!A59 -> 197810 | B48: =IF('Monthly Ranks'!B47>=9, 1/8,0) -> 0.125 | C48: =IF('Monthly Ranks'!C47>=9, 1/8,0) -> 0.125 | D48: =IF('Monthly Ranks'!D47>=9, 1/8,0) -> 0.125 | E48: =IF('Monthly Ranks'!E47>=9, 1/8,0) -> 0 | F48: =IF('Monthly Ranks'!F47>=9, 1/8,0) -> 0.125 | G48: =IF('Monthly Ranks'!G47>=9, 1/8,0) -> 0.125 | H48: =IF('Monthly Ranks'!H47>=9, 1/8,0) -> 0 | I48: =IF('Monthly Ranks'!I47>=9, 1/8,0) -> 0 | ... Q48: =IF('Monthly Ranks'!Q47>=9, 1/8,0) -> 0 | S48: =A48 -> 197810 | T48: =B48*ReturnData!B59 -> -0.0133875 | U48: =C48*ReturnData!C59 -> -0.0143875 | V48: =D48*ReturnData!D59 -> -0.0132875 | W48: =E48*ReturnData!E59 -> 0 | X48: =F48*ReturnData!F59 -> -0.0135125 | Y48: =G48*ReturnData!G59 -> -0.0117875 | Z48: =H48*ReturnData!H59 -> 0 | AA48: =I48*ReturnData!I59 -> 0 | ... AI48: =Q48*ReturnData!Q59 -> 0 | AK48: =S48 -> 197810 | AL48: =SUM(T48:AI48) -> -0.105225 | AN48: 1 | AO48: =HighMomentumPortfolio!AL48-LowMomentumPortfolio!AL48 -> -0.0302375 | AP48: =AN48+AO48 -> 0.9697625
A49: =ReturnData!A60 -> 197811 | B49: =IF('Monthly Ranks'!B48>=9, 1/8,0) -> 0.125 | C49: =IF('Monthly Ranks'!C48>=9, 1/8,0) -> 0.125 | D49: =IF('Monthly Ranks'!D48>=9, 1/8,0) -> 0.125 | E49: =IF('Monthly Ranks'!E48>=9, 1/8,0) -> 0 | F49: =IF('Monthly Ranks'!F48>=9, 1/8,0) -> 0 | G49: =IF('Monthly Ranks'!G48>=9, 1/8,0) -> 0.125 | H49: =IF('Monthly Ranks'!H48>=9, 1/8,0) -> 0 | I49: =IF('Monthly Ranks'!I48>=9, 1/8,0) -> 0 | ... Q49: =IF('Monthly Ranks'!Q48>=9, 1/8,0) -> 0 | S49: =A49 -> 197811 | T49: =B49*ReturnData!B60 -> 0.0021125 | U49: =C49*ReturnData!C60 -> 0.001 | V49: =D49*ReturnData!D60 -> 0.0072625 | W49: =E49*ReturnData!E60 -> 0 | X49: =F49*ReturnData!F60 -> 0 | Y49: =G49*ReturnData!G60 -> 0.001275 | Z49: =H49*ReturnData!H60 -> 0 | AA49: =I49*ReturnData!I60 -> 0 | ... AI49: =Q49*ReturnData!Q60 -> 0 | AK49: =S49 -> 197811 | AL49: =SUM(T49:AI49) -> 0.020525 | AN49: 1 | AO49: =HighMomentumPortfolio!AL49-LowMomentumPortfolio!AL49 -> 0.0131625 | AP49: =AN49+AO49 -> 1.0131625
A50: =ReturnData!A61 -> 197812 | B50: =IF('Monthly Ranks'!B49>=9, 1/8,0) -> 0.125 | C50: =IF('Monthly Ranks'!C49>=9, 1/8,0) -> 0.125 | D50: =IF('Monthly Ranks'!D49>=9, 1/8,0) -> 0.125 | E50: =IF('Monthly Ranks'!E49>=9, 1/8,0) -> 0.125 | F50: =IF('Monthly Ranks'!F49>=9, 1/8,0) -> 0 | G50: =IF('Monthly Ranks'!G49>=9, 1/8,0) -> 0.125 | H50: =IF('Monthly Ranks'!H49>=9, 1/8,0) -> 0 | I50: =IF('Monthly Ranks'!I49>=9, 1/8,0) -> 0 | ... Q50: =IF('Monthly Ranks'!Q49>=9, 1/8,0) -> 0 | S50: =A50 -> 197812 | T50: =B50*ReturnData!B61 -> 0.0018875 | U50: =C50*ReturnData!C61 -> 0.0042 | V50: =D50*ReturnData!D61 -> 0.00385 | W50: =E50*ReturnData!E61 -> 0.000425 | X50: =F50*ReturnData!F61 -> 0 | Y50: =G50*ReturnData!G61 -> -0.0001 | Z50: =H50*ReturnData!H61 -> 0 | AA50: =I50*ReturnData!I61 -> 0 | ... AI50: =Q50*ReturnData!Q61 -> 0 | AK50: =S50 -> 197812 | AL50: =SUM(T50:AI50) -> 0.006825 | AN50: 1 | AO50: =HighMomentumPortfolio!AL50-LowMomentumPortfolio!AL50 -> 0.0124875 | AP50: =AN50+AO50 -> 1.0124875
A51: =ReturnData!A62 -> 197901 | B51: =IF('Monthly Ranks'!B50>=9, 1/8,0) -> 0.125 | C51: =IF('Monthly Ranks'!C50>=9, 1/8,0) -> 0.125 | D51: =IF('Monthly Ranks'!D50>=9, 1/8,0) -> 0.125 | E51: =IF('Monthly Ranks'!E50>=9, 1/8,0) -> 0 | F51: =IF('Monthly Ranks'!F50>=9, 1/8,0) -> 0 | G51: =IF('Monthly Ranks'!G50>=9, 1/8,0) -> 0.125 | H51: =IF('Monthly Ranks'!H50>=9, 1/8,0) -> 0 | I51: =IF('Monthly Ranks'!I50>=9, 1/8,0) -> 0 | ... Q51: =IF('Monthly Ranks'!Q50>=9, 1/8,0) -> 0 | S51: =A51 -> 197901 | T51: =B51*ReturnData!B62 -> 0.004325 | U51: =C51*ReturnData!C62 -> 0.0130875 | V51: =D51*ReturnData!D62 -> 0.0037 | W51: =E51*ReturnData!E62 -> 0 | X51: =F51*ReturnData!F62 -> 0 | Y51: =G51*ReturnData!G62 -> 0.0081125 | Z51: =H51*ReturnData!H62 -> 0 | AA51: =I51*ReturnData!I62 -> 0 | ... AI51: =Q51*ReturnData!Q62 -> 0 | AK51: =S51 -> 197901 | AL51: =SUM(T51:AI51) -> 0.0674375 | AN51: 1 | AO51: =HighMomentumPortfolio!AL51-LowMomentumPortfolio!AL51 -> -0.0122 | AP51: =AN51+AO51 -> 0.9878 | AR51: =PRODUCT(AP51:AP62) -> 1.1115612
A52: =ReturnData!A63 -> 197902 | B52: =IF('Monthly Ranks'!B51>=9, 1/8,0) -> 0.125 | C52: =IF('Monthly Ranks'!C51>=9, 1/8,0) -> 0.125 | D52: =IF('Monthly Ranks'!D51>=9, 1/8,0) -> 0 | E52: =IF('Monthly Ranks'!E51>=9, 1/8,0) -> 0.125 | F52: =IF('Monthly Ranks'!F51>=9, 1/8,0) -> 0 | G52: =IF('Monthly Ranks'!G51>=9, 1/8,0) -> 0.125 | H52: =IF('Monthly Ranks'!H51>=9, 1/8,0) -> 0 | I52: =IF('Monthly Ranks'!I51>=9, 1/8,0) -> 0 | ... Q52: =IF('Monthly Ranks'!Q51>=9, 1/8,0) -> 0 | S52: =A52 -> 197902 | T52: =B52*ReturnData!B63 -> -0.004875 | U52: =C52*ReturnData!C63 -> 0.002275 | V52: =D52*ReturnData!D63 -> 0 | W52: =E52*ReturnData!E63 -> -0.0022625 | X52: =F52*ReturnData!F63 -> 0 | Y52: =G52*ReturnData!G63 -> -0.00285 | Z52: =H52*ReturnData!H63 -> 0 | AA52: =I52*ReturnData!I63 -> 0 | ... AI52: =Q52*ReturnData!Q63 -> 0 | AK52: =S52 -> 197902 | AL52: =SUM(T52:AI52) -> -0.0250375 | AN52: 1 | AO52: =HighMomentumPortfolio!AL52-LowMomentumPortfolio!AL52 -> -0.0139125 | AP52: =AN52+AO52 -> 0.9860875
A53: =ReturnData!A64 -> 197903 | B53: =IF('Monthly Ranks'!B52>=9, 1/8,0) -> 0.125 | C53: =IF('Monthly Ranks'!C52>=9, 1/8,0) -> 0 | D53: =IF('Monthly Ranks'!D52>=9, 1/8,0) -> 0 | E53: =IF('Monthly Ranks'!E52>=9, 1/8,0) -> 0.125 | F53: =IF('Monthly Ranks'!F52>=9, 1/8,0) -> 0 | G53: =IF('Monthly Ranks'!G52>=9, 1/8,0) -> 0.125 | H53: =IF('Monthly Ranks'!H52>=9, 1/8,0) -> 0.125 | I53: =IF('Monthly Ranks'!I52>=9, 1/8,0) -> 0 | ... Q53: =IF('Monthly Ranks'!Q52>=9, 1/8,0) -> 0 | S53: =A53 -> 197903 | T53: =B53*ReturnData!B64 -> 0.0036 | U53: =C53*ReturnData!C64 -> 0 | V53: =D53*ReturnData!D64 -> 0 | W53: =E53*ReturnData!E64 -> 0.0109875 | X53: =F53*ReturnData!F64 -> 0 | Y53: =G53*ReturnData!G64 -> 0.01215 | Z53: =H53*ReturnData!H64 -> 0.0049625 | AA53: =I53*ReturnData!I64 -> 0 | ... AI53: =Q53*ReturnData!Q64 -> 0 | AK53: =S53 -> 197903 | AL53: =SUM(T53:AI53) -> 0.0582875 | AN53: 1 | AO53: =HighMomentumPortfolio!AL53-LowMomentumPortfolio!AL53 -> 0.026425 | AP53: =AN53+AO53 -> 1.026425
A54: =ReturnData!A65 -> 197904 | B54: =IF('Monthly Ranks'!B53>=9, 1/8,0) -> 0.125 | C54: =IF('Monthly Ranks'!C53>=9, 1/8,0) -> 0 | D54: =IF('Monthly Ranks'!D53>=9, 1/8,0) -> 0 | E54: =IF('Monthly Ranks'!E53>=9, 1/8,0) -> 0.125 | F54: =IF('Monthly Ranks'!F53>=9, 1/8,0) -> 0 | G54: =IF('Monthly Ranks'!G53>=9, 1/8,0) -> 0.125 | H54: =IF('Monthly Ranks'!H53>=9, 1/8,0) -> 0.125 | I54: =IF('Monthly Ranks'!I53>=9, 1/8,0) -> 0 | ... Q54: =IF('Monthly Ranks'!Q53>=9, 1/8,0) -> 0 | S54: =A54 -> 197904 | T54: =B54*ReturnData!B65 -> -7.5e-05 | U54: =C54*ReturnData!C65 -> 0 | V54: =D54*ReturnData!D65 -> 0 | W54: =E54*ReturnData!E65 -> 0.0003875 | X54: =F54*ReturnData!F65 -> 0 | Y54: =G54*ReturnData!G65 -> -0.0025375 | Z54: =H54*ReturnData!H65 -> 0.0007125 | AA54: =I54*ReturnData!I65 -> 0 | ... AI54: =Q54*ReturnData!Q65 -> 0 | AK54: =S54 -> 197904 | AL54: =SUM(T54:AI54) -> 0.0010125 | AN54: 1 | AO54: =HighMomentumPortfolio!AL54-LowMomentumPortfolio!AL54 -> 0.0071125 | AP54: =AN54+AO54 -> 1.0071125
A55: =ReturnData!A66 -> 197905 | B55: =IF('Monthly Ranks'!B54>=9, 1/8,0) -> 0.125 | C55: =IF('Monthly Ranks'!C54>=9, 1/8,0) -> 0 | D55: =IF('Monthly Ranks'!D54>=9, 1/8,0) -> 0 | E55: =IF('Monthly Ranks'!E54>=9, 1/8,0) -> 0 | F55: =IF('Monthly Ranks'!F54>=9, 1/8,0) -> 0.125 | G55: =IF('Monthly Ranks'!G54>=9, 1/8,0) -> 0 | H55: =IF('Monthly Ranks'!H54>=9, 1/8,0) -> 0.125 | I55: =IF('Monthly Ranks'!I54>=9, 1/8,0) -> 0 | ... Q55: =IF('Monthly Ranks'!Q54>=9, 1/8,0) -> 0.125 | S55: =A55 -> 197905 | T55: =B55*ReturnData!B66 -> -0.002175 | U55: =C55*ReturnData!C66 -> 0 | V55: =D55*ReturnData!D66 -> 0 | W55: =E55*ReturnData!E66 -> 0 | X55: =F55*ReturnData!F66 -> -0.0028875 | Y55: =G55*ReturnData!G66 -> 0 | Z55: =H55*ReturnData!H66 -> -0.003875 | AA55: =I55*ReturnData!I66 -> 0 | ... AI55: =Q55*ReturnData!Q66 -> 0.0001875 | AK55: =S55 -> 197905 | AL55: =SUM(T55:AI55) -> -0.0106 | AN55: 1 | AO55: =HighMomentumPortfolio!AL55-LowMomentumPortfolio!AL55 -> -0.003875 | AP55: =AN55+AO55 -> 0.996125
A56: =ReturnData!A67 -> 197906 | B56: =IF('Monthly Ranks'!B55>=9, 1/8,0) -> 0.125 | C56: =IF('Monthly Ranks'!C55>=9, 1/8,0) -> 0 | D56: =IF('Monthly Ranks'!D55>=9, 1/8,0) -> 0 | E56: =IF('Monthly Ranks'!E55>=9, 1/8,0) -> 0 | F56: =IF('Monthly Ranks'!F55>=9, 1/8,0) -> 0.125 | G56: =IF('Monthly Ranks'!G55>=9, 1/8,0) -> 0 | H56: =IF('Monthly Ranks'!H55>=9, 1/8,0) -> 0.125 | I56: =IF('Monthly Ranks'!I55>=9, 1/8,0) -> 0 | ... Q56: =IF('Monthly Ranks'!Q55>=9, 1/8,0) -> 0 | S56: =A56 -> 197906 | T56: =B56*ReturnData!B67 -> 0.0042875 | U56: =C56*ReturnData!C67 -> 0 | V56: =D56*ReturnData!D67 -> 0 | W56: =E56*ReturnData!E67 -> 0 | X56: =F56*ReturnData!F67 -> 0.0026375 | Y56: =G56*ReturnData!G67 -> 0 | Z56: =H56*ReturnData!H67 -> 0.0042375 | AA56: =I56*ReturnData!I67 -> 0 | ... AI56: =Q56*ReturnData!Q67 -> 0 | AK56: =S56 -> 197906 | AL56: =SUM(T56:AI56) -> 0.0354125 | AN56: 1 | AO56: =HighMomentumPortfolio!AL56-LowMomentumPortfolio!AL56 -> 0.0176 | AP56: =AN56+AO56 -> 1.0176
A57: =ReturnData!A68 -> 197907 | B57: =IF('Monthly Ranks'!B56>=9, 1/8,0) -> 0.125 | C57: =IF('Monthly Ranks'!C56>=9, 1/8,0) -> 0 | D57: =IF('Monthly Ranks'!D56>=9, 1/8,0) -> 0 | E57: =IF('Monthly Ranks'!E56>=9, 1/8,0) -> 0 | F57: =IF('Monthly Ranks'!F56>=9, 1/8,0) -> 0.125 | G57: =IF('Monthly Ranks'!G56>=9, 1/8,0) -> 0 | H57: =IF('Monthly Ranks'!H56>=9, 1/8,0) -> 0.125 | I57: =IF('Monthly Ranks'!I56>=9, 1/8,0) -> 0 | ... Q57: =IF('Monthly Ranks'!Q56>=9, 1/8,0) -> 0 | S57: =A57 -> 197907 | T57: =B57*ReturnData!B68 -> 0.0011875 | U57: =C57*ReturnData!C68 -> 0 | V57: =D57*ReturnData!D68 -> 0 | W57: =E57*ReturnData!E68 -> 0 | X57: =F57*ReturnData!F68 -> 0.0008375 | Y57: =G57*ReturnData!G68 -> 0 | Z57: =H57*ReturnData!H68 -> 0.0006 | AA57: =I57*ReturnData!I68 -> 0 | ... AI57: =Q57*ReturnData!Q68 -> 0 | AK57: =S57 -> 197907 | AL57: =SUM(T57:AI57) -> 0.02155 | AN57: 1 | AO57: =HighMomentumPortfolio!AL57-LowMomentumPortfolio!AL57 -> 0.00125 | AP57: =AN57+AO57 -> 1.00125
A58: =ReturnData!A69 -> 197908 | B58: =IF('Monthly Ranks'!B57>=9, 1/8,0) -> 0.125 | C58: =IF('Monthly Ranks'!C57>=9, 1/8,0) -> 0 | D58: =IF('Monthly Ranks'!D57>=9, 1/8,0) -> 0 | E58: =IF('Monthly Ranks'!E57>=9, 1/8,0) -> 0 | F58: =IF('Monthly Ranks'!F57>=9, 1/8,0) -> 0.125 | G58: =IF('Monthly Ranks'!G57>=9, 1/8,0) -> 0 | H58: =IF('Monthly Ranks'!H57>=9, 1/8,0) -> 0.125 | I58: =IF('Monthly Ranks'!I57>=9, 1/8,0) -> 0 | ... Q58: =IF('Monthly Ranks'!Q57>=9, 1/8,0) -> 0 | S58: =A58 -> 197908 | T58: =B58*ReturnData!B69 -> 0.0091 | U58: =C58*ReturnData!C69 -> 0 | V58: =D58*ReturnData!D69 -> 0 | W58: =E58*ReturnData!E69 -> 0 | X58: =F58*ReturnData!F69 -> 0.0069125 | Y58: =G58*ReturnData!G69 -> 0 | Z58: =H58*ReturnData!H69 -> 0.01105 | AA58: =I58*ReturnData!I69 -> 0 | ... AI58: =Q58*ReturnData!Q69 -> 0 | AK58: =S58 -> 197908 | AL58: =SUM(T58:AI58) -> 0.0695 | AN58: 1 | AO58: =HighMomentumPortfolio!AL58-LowMomentumPortfolio!AL58 -> 0.002275 | AP58: =AN58+AO58 -> 1.002275
A59: =ReturnData!A70 -> 197909 | B59: =IF('Monthly Ranks'!B58>=9, 1/8,0) -> 0.125 | C59: =IF('Monthly Ranks'!C58>=9, 1/8,0) -> 0 | D59: =IF('Monthly Ranks'!D58>=9, 1/8,0) -> 0 | E59: =IF('Monthly Ranks'!E58>=9, 1/8,0) -> 0 | F59: =IF('Monthly Ranks'!F58>=9, 1/8,0) -> 0.125 | G59: =IF('Monthly Ranks'!G58>=9, 1/8,0) -> 0 | H59: =IF('Monthly Ranks'!H58>=9, 1/8,0) -> 0.125 | I59: =IF('Monthly Ranks'!I58>=9, 1/8,0) -> 0.125 | ... Q59: =IF('Monthly Ranks'!Q58>=9, 1/8,0) -> 0 | S59: =A59 -> 197909 | T59: =B59*ReturnData!B70 -> -0.002125 | U59: =C59*ReturnData!C70 -> 0 | V59: =D59*ReturnData!D70 -> 0 | W59: =E59*ReturnData!E70 -> 0 | X59: =F59*ReturnData!F70 -> -0.0044625 | Y59: =G59*ReturnData!G70 -> 0 | Z59: =H59*ReturnData!H70 -> -0.001925 | AA59: =I59*ReturnData!I70 -> -7.5e-05 | ... AI59: =Q59*ReturnData!Q70 -> 0 | AK59: =S59 -> 197909 | AL59: =SUM(T59:AI59) -> -0.0120125 | AN59: 1 | AO59: =HighMomentumPortfolio!AL59-LowMomentumPortfolio!AL59 -> 0.0281875 | AP59: =AN59+AO59 -> 1.0281875
A60: =ReturnData!A71 -> 197910 | B60: =IF('Monthly Ranks'!B59>=9, 1/8,0) -> 0.125 | C60: =IF('Monthly Ranks'!C59>=9, 1/8,0) -> 0 | D60: =IF('Monthly Ranks'!D59>=9, 1/8,0) -> 0 | E60: =IF('Monthly Ranks'!E59>=9, 1/8,0) -> 0 | F60: =IF('Monthly Ranks'!F59>=9, 1/8,0) -> 0.125 | G60: =IF('Monthly Ranks'!G59>=9, 1/8,0) -> 0 | H60: =IF('Monthly Ranks'!H59>=9, 1/8,0) -> 0.125 | I60: =IF('Monthly Ranks'!I59>=9, 1/8,0) -> 0 | ... Q60: =IF('Monthly Ranks'!Q59>=9, 1/8,0) -> 0 | S60: =A60 -> 197910 | T60: =B60*ReturnData!B71 -> -0.0106875 | U60: =C60*ReturnData!C71 -> 0 | V60: =D60*ReturnData!D71 -> 0 | W60: =E60*ReturnData!E71 -> 0 | X60: =F60*ReturnData!F71 -> -0.0092 | Y60: =G60*ReturnData!G71 -> 0 | Z60: =H60*ReturnData!H71 -> -0.006 | AA60: =I60*ReturnData!I71 -> 0 | ... AI60: =Q60*ReturnData!Q71 -> 0 | AK60: =S60 -> 197910 | AL60: =SUM(T60:AI60) -> -0.0803 | AN60: 1 | AO60: =HighMomentumPortfolio!AL60-LowMomentumPortfolio!AL60 -> -0.0070875 | AP60: =AN60+AO60 -> 0.9929125
A61: =ReturnData!A72 -> 197911 | B61: =IF('Monthly Ranks'!B60>=9, 1/8,0) -> 0.125 | C61: =IF('Monthly Ranks'!C60>=9, 1/8,0) -> 0 | D61: =IF('Monthly Ranks'!D60>=9, 1/8,0) -> 0 | E61: =IF('Monthly Ranks'!E60>=9, 1/8,0) -> 0 | F61: =IF('Monthly Ranks'!F60>=9, 1/8,0) -> 0.125 | G61: =IF('Monthly Ranks'!G60>=9, 1/8,0) -> 0 | H61: =IF('Monthly Ranks'!H60>=9, 1/8,0) -> 0.125 | I61: =IF('Monthly Ranks'!I60>=9, 1/8,0) -> 0 | ... Q61: =IF('Monthly Ranks'!Q60>=9, 1/8,0) -> 0 | S61: =A61 -> 197911 | T61: =B61*ReturnData!B72 -> 0.006625 | U61: =C61*ReturnData!C72 -> 0 | V61: =D61*ReturnData!D72 -> 0 | W61: =E61*ReturnData!E72 -> 0 | X61: =F61*ReturnData!F72 -> 0.0010625 | Y61: =G61*ReturnData!G72 -> 0 | Z61: =H61*ReturnData!H72 -> 0.008075 | AA61: =I61*ReturnData!I72 -> 0 | ... AI61: =Q61*ReturnData!Q72 -> 0 | AK61: =S61 -> 197911 | AL61: =SUM(T61:AI61) -> 0.0458 | AN61: 1 | AO61: =HighMomentumPortfolio!AL61-LowMomentumPortfolio!AL61 -> 0.0199125 | AP61: =AN61+AO61 -> 1.0199125
A62: =ReturnData!A73 -> 197912 | B62: =IF('Monthly Ranks'!B61>=9, 1/8,0) -> 0.125 | C62: =IF('Monthly Ranks'!C61>=9, 1/8,0) -> 0 | D62: =IF('Monthly Ranks'!D61>=9, 1/8,0) -> 0 | E62: =IF('Monthly Ranks'!E61>=9, 1/8,0) -> 0 | F62: =IF('Monthly Ranks'!F61>=9, 1/8,0) -> 0.125 | G62: =IF('Monthly Ranks'!G61>=9, 1/8,0) -> 0 | H62: =IF('Monthly Ranks'!H61>=9, 1/8,0) -> 0.125 | I62: =IF('Monthly Ranks'!I61>=9, 1/8,0) -> 0 | ... Q62: =IF('Monthly Ranks'!Q61>=9, 1/8,0) -> 0 | S62: =A62 -> 197912 | T62: =B62*ReturnData!B73 -> 0.0031 | U62: =C62*ReturnData!C73 -> 0 | V62: =D62*ReturnData!D73 -> 0 | W62: =E62*ReturnData!E73 -> 0 | X62: =F62*ReturnData!F73 -> 0.0051125 | Y62: =G62*ReturnData!G73 -> 0 | Z62: =H62*ReturnData!H73 -> 0.001625 | AA62: =I62*ReturnData!I73 -> 0 | ... AI62: =Q62*ReturnData!Q73 -> 0 | AK62: =S62 -> 197912 | AL62: =SUM(T62:AI62) -> 0.02235 | AN62: 1 | AO62: =HighMomentumPortfolio!AL62-LowMomentumPortfolio!AL62 -> 0.0422625 | AP62: =AN62+AO62 -> 1.0422625
A63: =ReturnData!A74 -> 198001 | B63: =IF('Monthly Ranks'!B62>=9, 1/8,0) -> 0.125 | C63: =IF('Monthly Ranks'!C62>=9, 1/8,0) -> 0 | D63: =IF('Monthly Ranks'!D62>=9, 1/8,0) -> 0 | E63: =IF('Monthly Ranks'!E62>=9, 1/8,0) -> 0 | F63: =IF('Monthly Ranks'!F62>=9, 1/8,0) -> 0.125 | G63: =IF('Monthly Ranks'!G62>=9, 1/8,0) -> 0 | H63: =IF('Monthly Ranks'!H62>=9, 1/8,0) -> 0.125 | I63: =IF('Monthly Ranks'!I62>=9, 1/8,0) -> 0 | ... Q63: =IF('Monthly Ranks'!Q62>=9, 1/8,0) -> 0 | S63: =A63 -> 198001 | T63: =B63*ReturnData!B74 -> 0.004825 | U63: =C63*ReturnData!C74 -> 0 | V63: =D63*ReturnData!D74 -> 0 | W63: =E63*ReturnData!E74 -> 0 | X63: =F63*ReturnData!F74 -> 0.0059 | Y63: =G63*ReturnData!G74 -> 0 | Z63: =H63*ReturnData!H74 -> -0.002875 | AA63: =I63*ReturnData!I74 -> 0 | ... AI63: =Q63*ReturnData!Q74 -> 0 | AK63: =S63 -> 198001 | AL63: =SUM(T63:AI63) -> 0.0532375 | AN63: 1 | AO63: =HighMomentumPortfolio!AL63-LowMomentumPortfolio!AL63 -> 0.0345 | AP63: =AN63+AO63 -> 1.0345 | AR63: =PRODUCT(AP63:AP74) -> 1.0873151
A64: =ReturnData!A75 -> 198002 | B64: =IF('Monthly Ranks'!B63>=9, 1/8,0) -> 0.125 | C64: =IF('Monthly Ranks'!C63>=9, 1/8,0) -> 0 | D64: =IF('Monthly Ranks'!D63>=9, 1/8,0) -> 0 | E64: =IF('Monthly Ranks'!E63>=9, 1/8,0) -> 0 | F64: =IF('Monthly Ranks'!F63>=9, 1/8,0) -> 0.125 | G64: =IF('Monthly Ranks'!G63>=9, 1/8,0) -> 0 | H64: =IF('Monthly Ranks'!H63>=9, 1/8,0) -> 0.125 | I64: =IF('Monthly Ranks'!I63>=9, 1/8,0) -> 0 | ... Q64: =IF('Monthly Ranks'!Q63>=9, 1/8,0) -> 0 | S64: =A64 -> 198002 | T64: =B64*ReturnData!B75 -> -0.0066 | U64: =C64*ReturnData!C75 -> 0 | V64: =D64*ReturnData!D75 -> 0 | W64: =E64*ReturnData!E75 -> 0 | X64: =F64*ReturnData!F75 -> -0.006625 | Y64: =G64*ReturnData!G75 -> 0 | Z64: =H64*ReturnData!H75 -> -0.0050125 | AA64: =I64*ReturnData!I75 -> 0 | ... AI64: =Q64*ReturnData!Q75 -> 0 | AK64: =S64 -> 198002 | AL64: =SUM(T64:AI64) -> -0.0418375 | AN64: 1 | AO64: =HighMomentumPortfolio!AL64-LowMomentumPortfolio!AL64 -> 0.04125 | AP64: =AN64+AO64 -> 1.04125
A65: =ReturnData!A76 -> 198003 | B65: =IF('Monthly Ranks'!B64>=9, 1/8,0) -> 0.125 | C65: =IF('Monthly Ranks'!C64>=9, 1/8,0) -> 0 | D65: =IF('Monthly Ranks'!D64>=9, 1/8,0) -> 0 | E65: =IF('Monthly Ranks'!E64>=9, 1/8,0) -> 0.125 | F65: =IF('Monthly Ranks'!F64>=9, 1/8,0) -> 0.125 | G65: =IF('Monthly Ranks'!G64>=9, 1/8,0) -> 0 | H65: =IF('Monthly Ranks'!H64>=9, 1/8,0) -> 0.125 | I65: =IF('Monthly Ranks'!I64>=9, 1/8,0) -> 0 | ... Q65: =IF('Monthly Ranks'!Q64>=9, 1/8,0) -> 0 | S65: =A65 -> 198003 | T65: =B65*ReturnData!B76 -> -0.0112 | U65: =C65*ReturnData!C76 -> 0 | V65: =D65*ReturnData!D76 -> 0 | W65: =E65*ReturnData!E76 -> -0.011325 | X65: =F65*ReturnData!F76 -> -0.0069375 | Y65: =G65*ReturnData!G76 -> 0 | Z65: =H65*ReturnData!H76 -> -0.0035 | AA65: =I65*ReturnData!I76 -> 0 | ... AI65: =Q65*ReturnData!Q76 -> 0 | AK65: =S65 -> 198003 | AL65: =SUM(T65:AI65) -> -0.0791625 | AN65: 1 | AO65: =HighMomentumPortfolio!AL65-LowMomentumPortfolio!AL65 -> -0.07165 | AP65: =AN65+AO65 -> 0.92835
A66: =ReturnData!A77 -> 198004 | B66: =IF('Monthly Ranks'!B65>=9, 1/8,0) -> 0.125 | C66: =IF('Monthly Ranks'!C65>=9, 1/8,0) -> 0 | D66: =IF('Monthly Ranks'!D65>=9, 1/8,0) -> 0 | E66: =IF('Monthly Ranks'!E65>=9, 1/8,0) -> 0 | F66: =IF('Monthly Ranks'!F65>=9, 1/8,0) -> 0.125 | G66: =IF('Monthly Ranks'!G65>=9, 1/8,0) -> 0 | H66: =IF('Monthly Ranks'!H65>=9, 1/8,0) -> 0.125 | I66: =IF('Monthly Ranks'!I65>=9, 1/8,0) -> 0 | ... Q66: =IF('Monthly Ranks'!Q65>=9, 1/8,0) -> 0.125 | S66: =A66 -> 198004 | T66: =B66*ReturnData!B77 -> 0.0089375 | U66: =C66*ReturnData!C77 -> 0 | V66: =D66*ReturnData!D77 -> 0 | W66: =E66*ReturnData!E77 -> 0 | X66: =F66*ReturnData!F77 -> 0.00275 | Y66: =G66*ReturnData!G77 -> 0 | Z66: =H66*ReturnData!H77 -> 0.006325 | AA66: =I66*ReturnData!I77 -> 0 | ... AI66: =Q66*ReturnData!Q77 -> 0.0085125 | AK66: =S66 -> 198004 | AL66: =SUM(T66:AI66) -> 0.0439625 | AN66: 1 | AO66: =HighMomentumPortfolio!AL66-LowMomentumPortfolio!AL66 -> -0.013225 | AP66: =AN66+AO66 -> 0.986775
A67: =ReturnData!A78 -> 198005 | B67: =IF('Monthly Ranks'!B66>=9, 1/8,0) -> 0.125 | C67: =IF('Monthly Ranks'!C66>=9, 1/8,0) -> 0 | D67: =IF('Monthly Ranks'!D66>=9, 1/8,0) -> 0 | E67: =IF('Monthly Ranks'!E66>=9, 1/8,0) -> 0 | F67: =IF('Monthly Ranks'!F66>=9, 1/8,0) -> 0.125 | G67: =IF('Monthly Ranks'!G66>=9, 1/8,0) -> 0 | H67: =IF('Monthly Ranks'!H66>=9, 1/8,0) -> 0.125 | I67: =IF('Monthly Ranks'!I66>=9, 1/8,0) -> 0 | ... Q67: =IF('Monthly Ranks'!Q66>=9, 1/8,0) -> 0.125 | S67: =A67 -> 198005 | T67: =B67*ReturnData!B78 -> 0.009925 | U67: =C67*ReturnData!C78 -> 0 | V67: =D67*ReturnData!D78 -> 0 | W67: =E67*ReturnData!E78 -> 0 | X67: =F67*ReturnData!F78 -> 0.0072375 | Y67: =G67*ReturnData!G78 -> 0 | Z67: =H67*ReturnData!H78 -> 0.01005 | AA67: =I67*ReturnData!I78 -> 0 | ... AI67: =Q67*ReturnData!Q78 -> 0.0098625 | AK67: =S67 -> 198005 | AL67: =SUM(T67:AI67) -> 0.065625 | AN67: 1 | AO67: =HighMomentumPortfolio!AL67-LowMomentumPortfolio!AL67 -> -0.0021125 | AP67: =AN67+AO67 -> 0.9978875
A68: =ReturnData!A79 -> 198006 | B68: =IF('Monthly Ranks'!B67>=9, 1/8,0) -> 0.125 | C68: =IF('Monthly Ranks'!C67>=9, 1/8,0) -> 0 | D68: =IF('Monthly Ranks'!D67>=9, 1/8,0) -> 0 | E68: =IF('Monthly Ranks'!E67>=9, 1/8,0) -> 0.125 | F68: =IF('Monthly Ranks'!F67>=9, 1/8,0) -> 0.125 | G68: =IF('Monthly Ranks'!G67>=9, 1/8,0) -> 0 | H68: =IF('Monthly Ranks'!H67>=9, 1/8,0) -> 0.125 | I68: =IF('Monthly Ranks'!I67>=9, 1/8,0) -> 0 | ... Q68: =IF('Monthly Ranks'!Q67>=9, 1/8,0) -> 0.125 | S68: =A68 -> 198006 | T68: =B68*ReturnData!B79 -> 0.0029125 | U68: =C68*ReturnData!C79 -> 0 | V68: =D68*ReturnData!D79 -> 0 | W68: =E68*ReturnData!E79 -> 0.004175 | X68: =F68*ReturnData!F79 -> 0.0033875 | Y68: =G68*ReturnData!G79 -> 0 | Z68: =H68*ReturnData!H79 -> 0.000425 | AA68: =I68*ReturnData!I79 -> 0 | ... AI68: =Q68*ReturnData!Q79 -> 0.00605 | AK68: =S68 -> 198006 | AL68: =SUM(T68:AI68) -> 0.0273 | AN68: 1 | AO68: =HighMomentumPortfolio!AL68-LowMomentumPortfolio!AL68 -> 0.018975 | AP68: =AN68+AO68 -> 1.018975
A69: =ReturnData!A80 -> 198007 | B69: =IF('Monthly Ranks'!B68>=9, 1/8,0) -> 0.125 | C69: =IF('Monthly Ranks'!C68>=9, 1/8,0) -> 0 | D69: =IF('Monthly Ranks'!D68>=9, 1/8,0) -> 0 | E69: =IF('Monthly Ranks'!E68>=9, 1/8,0) -> 0.125 | F69: =IF('Monthly Ranks'!F68>=9, 1/8,0) -> 0.125 | G69: =IF('Monthly Ranks'!G68>=9, 1/8,0) -> 0 | H69: =IF('Monthly Ranks'!H68>=9, 1/8,0) -> 0 | I69: =IF('Monthly Ranks'!I68>=9, 1/8,0) -> 0 | ... Q69: =IF('Monthly Ranks'!Q68>=9, 1/8,0) -> 0.125 | S69: =A69 -> 198007 | T69: =B69*ReturnData!B80 -> 0.0073125 | U69: =C69*ReturnData!C80 -> 0 | V69: =D69*ReturnData!D80 -> 0 | W69: =E69*ReturnData!E80 -> 0.0169125 | X69: =F69*ReturnData!F80 -> 0.0122375 | Y69: =G69*ReturnData!G80 -> 0 | Z69: =H69*ReturnData!H80 -> 0 | AA69: =I69*ReturnData!I80 -> 0 | ... AI69: =Q69*ReturnData!Q80 -> 0.004075 | AK69: =S69 -> 198007 | AL69: =SUM(T69:AI69) -> 0.08775 | AN69: 1 | AO69: =HighMomentumPortfolio!AL69-LowMomentumPortfolio!AL69 -> 0.0100375 | AP69: =AN69+AO69 -> 1.0100375
A70: =ReturnData!A81 -> 198008 | B70: =IF('Monthly Ranks'!B69>=9, 1/8,0) -> 0.125 | C70: =IF('Monthly Ranks'!C69>=9, 1/8,0) -> 0 | D70: =IF('Monthly Ranks'!D69>=9, 1/8,0) -> 0 | E70: =IF('Monthly Ranks'!E69>=9, 1/8,0) -> 0.125 | F70: =IF('Monthly Ranks'!F69>=9, 1/8,0) -> 0.125 | G70: =IF('Monthly Ranks'!G69>=9, 1/8,0) -> 0 | H70: =IF('Monthly Ranks'!H69>=9, 1/8,0) -> 0 | I70: =IF('Monthly Ranks'!I69>=9, 1/8,0) -> 0 | ... Q70: =IF('Monthly Ranks'!Q69>=9, 1/8,0) -> 0.125 | S70: =A70 -> 198008 | T70: =B70*ReturnData!B81 -> 0.0007125 | U70: =C70*ReturnData!C81 -> 0 | V70: =D70*ReturnData!D81 -> 0 | W70: =E70*ReturnData!E81 -> 0.0037 | X70: =F70*ReturnData!F81 -> 0.002775 | Y70: =G70*ReturnData!G81 -> 0 | Z70: =H70*ReturnData!H81 -> 0 | AA70: =I70*ReturnData!I81 -> 0 | ... AI70: =Q70*ReturnData!Q81 -> 0.0023125 | AK70: =S70 -> 198008 | AL70: =SUM(T70:AI70) -> 0.0154875 | AN70: 1 | AO70: =HighMomentumPortfolio!AL70-LowMomentumPortfolio!AL70 -> 0.0075625 | AP70: =AN70+AO70 -> 1.0075625
A71: =ReturnData!A82 -> 198009 | B71: =IF('Monthly Ranks'!B70>=9, 1/8,0) -> 0.125 | C71: =IF('Monthly Ranks'!C70>=9, 1/8,0) -> 0 | D71: =IF('Monthly Ranks'!D70>=9, 1/8,0) -> 0 | E71: =IF('Monthly Ranks'!E70>=9, 1/8,0) -> 0 | F71: =IF('Monthly Ranks'!F70>=9, 1/8,0) -> 0.125 | G71: =IF('Monthly Ranks'!G70>=9, 1/8,0) -> 0 | H71: =IF('Monthly Ranks'!H70>=9, 1/8,0) -> 0.125 | I71: =IF('Monthly Ranks'!I70>=9, 1/8,0) -> 0 | ... Q71: =IF('Monthly Ranks'!Q70>=9, 1/8,0) -> 0.125 | S71: =A71 -> 198009 | T71: =B71*ReturnData!B82 -> -0.00015 | U71: =C71*ReturnData!C82 -> 0 | V71: =D71*ReturnData!D82 -> 0 | W71: =E71*ReturnData!E82 -> 0 | X71: =F71*ReturnData!F82 -> 0.00255 | Y71: =G71*ReturnData!G82 -> 0 | Z71: =H71*ReturnData!H82 -> 0.0011125 | AA71: =I71*ReturnData!I82 -> 0 | ... AI71: =Q71*ReturnData!Q82 -> 0.003225 | AK71: =S71 -> 198009 | AL71: =SUM(T71:AI71) -> 0.0116 | AN71: 1 | AO71: =HighMomentumPortfolio!AL71-LowMomentumPortfolio!AL71 -> 0.0332 | AP71: =AN71+AO71 -> 1.0332
A72: =ReturnData!A83 -> 198010 | B72: =IF('Monthly Ranks'!B71>=9, 1/8,0) -> 0.125 | C72: =IF('Monthly Ranks'!C71>=9, 1/8,0) -> 0 | D72: =IF('Monthly Ranks'!D71>=9, 1/8,0) -> 0 | E72: =IF('Monthly Ranks'!E71>=9, 1/8,0) -> 0 | F72: =IF('Monthly Ranks'!F71>=9, 1/8,0) -> 0.125 | G72: =IF('Monthly Ranks'!G71>=9, 1/8,0) -> 0 | H72: =IF('Monthly Ranks'!H71>=9, 1/8,0) -> 0.125 | I72: =IF('Monthly Ranks'!I71>=9, 1/8,0) -> 0 | ... Q72: =IF('Monthly Ranks'!Q71>=9, 1/8,0) -> 0.125 | S72: =A72 -> 198010 | T72: =B72*ReturnData!B83 -> -0.001175 | U72: =C72*ReturnData!C83 -> 0 | V72: =D72*ReturnData!D83 -> 0 | W72: =E72*ReturnData!E83 -> 0 | X72: =F72*ReturnData!F83 -> 0.0027 | Y72: =G72*ReturnData!G83 -> 0 | Z72: =H72*ReturnData!H83 -> -0.002 | AA72: =I72*ReturnData!I83 -> 0 | ... AI72: =Q72*ReturnData!Q83 -> 0.00015 | AK72: =S72 -> 198010 | AL72: =SUM(T72:AI72) -> -0.0040625 | AN72: 1 | AO72: =HighMomentumPortfolio!AL72-LowMomentumPortfolio!AL72 -> 0.025325 | AP72: =AN72+AO72 -> 1.025325
A73: =ReturnData!A84 -> 198011 | B73: =IF('Monthly Ranks'!B72>=9, 1/8,0) -> 0.125 | C73: =IF('Monthly Ranks'!C72>=9, 1/8,0) -> 0 | D73: =IF('Monthly Ranks'!D72>=9, 1/8,0) -> 0 | E73: =IF('Monthly Ranks'!E72>=9, 1/8,0) -> 0 | F73: =IF('Monthly Ranks'!F72>=9, 1/8,0) -> 0.125 | G73: =IF('Monthly Ranks'!G72>=9, 1/8,0) -> 0 | H73: =IF('Monthly Ranks'!H72>=9, 1/8,0) -> 0.125 | I73: =IF('Monthly Ranks'!I72>=9, 1/8,0) -> 0 | ... Q73: =IF('Monthly Ranks'!Q72>=9, 1/8,0) -> 0.125 | S73: =A73 -> 198011 | T73: =B73*ReturnData!B84 -> 8.75e-05 | U73: =C73*ReturnData!C84 -> 0 | V73: =D73*ReturnData!D84 -> 0 | W73: =E73*ReturnData!E84 -> 0 | X73: =F73*ReturnData!F84 -> 0.0099 | Y73: =G73*ReturnData!G84 -> 0 | Z73: =H73*ReturnData!H84 -> 0.0072 | AA73: =I73*ReturnData!I84 -> 0 | ... AI73: =Q73*ReturnData!Q84 -> 0.0070375 | AK73: =S73 -> 198011 | AL73: =SUM(T73:AI73) -> 0.0462375 | AN73: 1 | AO73: =HighMomentumPortfolio!AL73-LowMomentumPortfolio!AL73 -> 0.0546875 | AP73: =AN73+AO73 -> 1.0546875
A74: =ReturnData!A85 -> 198012 | B74: =IF('Monthly Ranks'!B73>=9, 1/8,0) -> 0.125 | C74: =IF('Monthly Ranks'!C73>=9, 1/8,0) -> 0 | D74: =IF('Monthly Ranks'!D73>=9, 1/8,0) -> 0 | E74: =IF('Monthly Ranks'!E73>=9, 1/8,0) -> 0 | F74: =IF('Monthly Ranks'!F73>=9, 1/8,0) -> 0 | G74: =IF('Monthly Ranks'!G73>=9, 1/8,0) -> 0.125 | H74: =IF('Monthly Ranks'!H73>=9, 1/8,0) -> 0.125 | I74: =IF('Monthly Ranks'!I73>=9, 1/8,0) -> 0 | ... Q74: =IF('Monthly Ranks'!Q73>=9, 1/8,0) -> 0.125 | S74: =A74 -> 198012 | T74: =B74*ReturnData!B85 -> 0.0023125 | U74: =C74*ReturnData!C85 -> 0 | V74: =D74*ReturnData!D85 -> 0 | W74: =E74*ReturnData!E85 -> 0 | X74: =F74*ReturnData!F85 -> 0 | Y74: =G74*ReturnData!G85 -> -0.0023875 | Z74: =H74*ReturnData!H85 -> 0.0048375 | AA74: =I74*ReturnData!I85 -> 0 | ... AI74: =Q74*ReturnData!Q85 -> 0.0038875 | AK74: =S74 -> 198012 | AL74: =SUM(T74:AI74) -> 0.0037875 | AN74: 1 | AO74: =HighMomentumPortfolio!AL74-LowMomentumPortfolio!AL74 -> -0.04695 | AP74: =AN74+AO74 -> 0.95305
A75: =ReturnData!A86 -> 198101 | B75: =IF('Monthly Ranks'!B74>=9, 1/8,0) -> 0.125 | C75: =IF('Monthly Ranks'!C74>=9, 1/8,0) -> 0 | D75: =IF('Monthly Ranks'!D74>=9, 1/8,0) -> 0 | E75: =IF('Monthly Ranks'!E74>=9, 1/8,0) -> 0.125 | F75: =IF('Monthly Ranks'!F74>=9, 1/8,0) -> 0 | G75: =IF('Monthly Ranks'!G74>=9, 1/8,0) -> 0.125 | H75: =IF('Monthly Ranks'!H74>=9, 1/8,0) -> 0.125 | I75: =IF('Monthly Ranks'!I74>=9, 1/8,0) -> 0 | ... Q75: =IF('Monthly Ranks'!Q74>=9, 1/8,0) -> 0.125 | S75: =A75 -> 198101 | T75: =B75*ReturnData!B86 -> 0.003325 | U75: =C75*ReturnData!C86 -> 0 | V75: =D75*ReturnData!D86 -> 0 | W75: =E75*ReturnData!E86 -> 0.0095 | X75: =F75*ReturnData!F86 -> 0 | Y75: =G75*ReturnData!G86 -> 0.001875 | Z75: =H75*ReturnData!H86 -> -0.0014625 | AA75: =I75*ReturnData!I86 -> 0 | ... AI75: =Q75*ReturnData!Q86 -> -0.00315 | AK75: =S75 -> 198101 | AL75: =SUM(T75:AI75) -> 0.006525 | AN75: 1 | AO75: =HighMomentumPortfolio!AL75-LowMomentumPortfolio!AL75 -> -0.0524625 | AP75: =AN75+AO75 -> 0.9475375 | AR75: =PRODUCT(AP75:AP86) -> 0.85345565
A76: =ReturnData!A87 -> 198102 | B76: =IF('Monthly Ranks'!B75>=9, 1/8,0) -> 0.125 | C76: =IF('Monthly Ranks'!C75>=9, 1/8,0) -> 0 | D76: =IF('Monthly Ranks'!D75>=9, 1/8,0) -> 0 | E76: =IF('Monthly Ranks'!E75>=9, 1/8,0) -> 0.125 | F76: =IF('Monthly Ranks'!F75>=9, 1/8,0) -> 0.125 | G76: =IF('Monthly Ranks'!G75>=9, 1/8,0) -> 0.125 | H76: =IF('Monthly Ranks'!H75>=9, 1/8,0) -> 0 | I76: =IF('Monthly Ranks'!I75>=9, 1/8,0) -> 0 | ... Q76: =IF('Monthly Ranks'!Q75>=9, 1/8,0) -> 0 | S76: =A76 -> 198102 | T76: =B76*ReturnData!B87 -> 0.0028625 | U76: =C76*ReturnData!C87 -> 0 | V76: =D76*ReturnData!D87 -> 0 | W76: =E76*ReturnData!E87 -> 0.0024375 | X76: =F76*ReturnData!F87 -> 0.0102625 | Y76: =G76*ReturnData!G87 -> 0.00495 | Z76: =H76*ReturnData!H87 -> 0 | AA76: =I76*ReturnData!I87 -> 0 | ... AI76: =Q76*ReturnData!Q87 -> 0 | AK76: =S76 -> 198102 | AL76: =SUM(T76:AI76) -> 0.0351375 | AN76: 1 | AO76: =HighMomentumPortfolio!AL76-LowMomentumPortfolio!AL76 -> -0.0257125 | AP76: =AN76+AO76 -> 0.9742875
A77: =ReturnData!A88 -> 198103 | B77: =IF('Monthly Ranks'!B76>=9, 1/8,0) -> 0.125 | C77: =IF('Monthly Ranks'!C76>=9, 1/8,0) -> 0.125 | D77: =IF('Monthly Ranks'!D76>=9, 1/8,0) -> 0 | E77: =IF('Monthly Ranks'!E76>=9, 1/8,0) -> 0 | F77: =IF('Monthly Ranks'!F76>=9, 1/8,0) -> 0 | G77: =IF('Monthly Ranks'!G76>=9, 1/8,0) -> 0.125 | H77: =IF('Monthly Ranks'!H76>=9, 1/8,0) -> 0 | I77: =IF('Monthly Ranks'!I76>=9, 1/8,0) -> 0 | ... Q77: =IF('Monthly Ranks'!Q76>=9, 1/8,0) -> 0 | S77: =A77 -> 198103 | T77: =B77*ReturnData!B88 -> 0.0086125 | U77: =C77*ReturnData!C88 -> 0.0199875 | V77: =D77*ReturnData!D88 -> 0 | W77: =E77*ReturnData!E88 -> 0 | X77: =F77*ReturnData!F88 -> 0 | Y77: =G77*ReturnData!G88 -> 0.0029375 | Z77: =H77*ReturnData!H88 -> 0 | AA77: =I77*ReturnData!I88 -> 0 | ... AI77: =Q77*ReturnData!Q88 -> 0 | AK77: =S77 -> 198103 | AL77: =SUM(T77:AI77) -> 0.0922625 | AN77: 1 | AO77: =HighMomentumPortfolio!AL77-LowMomentumPortfolio!AL77 -> -0.038325 | AP77: =AN77+AO77 -> 0.961675
A78: =ReturnData!A89 -> 198104 | B78: =IF('Monthly Ranks'!B77>=9, 1/8,0) -> 0.125 | C78: =IF('Monthly Ranks'!C77>=9, 1/8,0) -> 0 | D78: =IF('Monthly Ranks'!D77>=9, 1/8,0) -> 0 | E78: =IF('Monthly Ranks'!E77>=9, 1/8,0) -> 0 | F78: =IF('Monthly Ranks'!F77>=9, 1/8,0) -> 0 | G78: =IF('Monthly Ranks'!G77>=9, 1/8,0) -> 0 | H78: =IF('Monthly Ranks'!H77>=9, 1/8,0) -> 0.125 | I78: =IF('Monthly Ranks'!I77>=9, 1/8,0) -> 0 | ... Q78: =IF('Monthly Ranks'!Q77>=9, 1/8,0) -> 0.125 | S78: =A78 -> 198104 | T78: =B78*ReturnData!B89 -> -8.75e-05 | U78: =C78*ReturnData!C89 -> 0 | V78: =D78*ReturnData!D89 -> 0 | W78: =E78*ReturnData!E89 -> 0 | X78: =F78*ReturnData!F89 -> 0 | Y78: =G78*ReturnData!G89 -> 0 | Z78: =H78*ReturnData!H89 -> 0.0032 | AA78: =I78*ReturnData!I89 -> 0 | ... AI78: =Q78*ReturnData!Q89 -> 0.0008 | AK78: =S78 -> 198104 | AL78: =SUM(T78:AI78) -> 0.0062875 | AN78: 1 | AO78: =HighMomentumPortfolio!AL78-LowMomentumPortfolio!AL78 -> -0.0216625 | AP78: =AN78+AO78 -> 0.9783375
A79: =ReturnData!A90 -> 198105 | B79: =IF('Monthly Ranks'!B78>=9, 1/8,0) -> 0.125 | C79: =IF('Monthly Ranks'!C78>=9, 1/8,0) -> 0 | D79: =IF('Monthly Ranks'!D78>=9, 1/8,0) -> 0.125 | E79: =IF('Monthly Ranks'!E78>=9, 1/8,0) -> 0 | F79: =IF('Monthly Ranks'!F78>=9, 1/8,0) -> 0 | G79: =IF('Monthly Ranks'!G78>=9, 1/8,0) -> 0.125 | H79: =IF('Monthly Ranks'!H78>=9, 1/8,0) -> 0.125 | I79: =IF('Monthly Ranks'!I78>=9, 1/8,0) -> 0 | ... Q79: =IF('Monthly Ranks'!Q78>=9, 1/8,0) -> 0.125 | S79: =A79 -> 198105 | T79: =B79*ReturnData!B90 -> 0.0030625 | U79: =C79*ReturnData!C90 -> 0 | V79: =D79*ReturnData!D90 -> -0.0048125 | W79: =E79*ReturnData!E90 -> 0 | X79: =F79*ReturnData!F90 -> 0 | Y79: =G79*ReturnData!G90 -> -0.002275 | Z79: =H79*ReturnData!H90 -> 0.0017875 | AA79: =I79*ReturnData!I90 -> 0 | ... AI79: =Q79*ReturnData!Q90 -> 0.0034625 | AK79: =S79 -> 198105 | AL79: =SUM(T79:AI79) -> 0.011025 | AN79: 1 | AO79: =HighMomentumPortfolio!AL79-LowMomentumPortfolio!AL79 -> 7.5e-05 | AP79: =AN79+AO79 -> 1.000075
A80: =ReturnData!A91 -> 198106 | B80: =IF('Monthly Ranks'!B79>=9, 1/8,0) -> 0.125 | C80: =IF('Monthly Ranks'!C79>=9, 1/8,0) -> 0 | D80: =IF('Monthly Ranks'!D79>=9, 1/8,0) -> 0.125 | E80: =IF('Monthly Ranks'!E79>=9, 1/8,0) -> 0 | F80: =IF('Monthly Ranks'!F79>=9, 1/8,0) -> 0 | G80: =IF('Monthly Ranks'!G79>=9, 1/8,0) -> 0.125 | H80: =IF('Monthly Ranks'!H79>=9, 1/8,0) -> 0.125 | I80: =IF('Monthly Ranks'!I79>=9, 1/8,0) -> 0 | ... Q80: =IF('Monthly Ranks'!Q79>=9, 1/8,0) -> 0.125 | S80: =A80 -> 198106 | T80: =B80*ReturnData!B91 -> -0.000725 | U80: =C80*ReturnData!C91 -> 0 | V80: =D80*ReturnData!D91 -> 0.00605 | W80: =E80*ReturnData!E91 -> 0 | X80: =F80*ReturnData!F91 -> 0 | Y80: =G80*ReturnData!G91 -> 0.003375 | Z80: =H80*ReturnData!H91 -> -0.0031125 | AA80: =I80*ReturnData!I91 -> 0 | ... AI80: =Q80*ReturnData!Q91 -> 0.0021 | AK80: =S80 -> 198106 | AL80: =SUM(T80:AI80) -> 0.0009375 | AN80: 1 | AO80: =HighMomentumPortfolio!AL80-LowMomentumPortfolio!AL80 -> -0.0302375 | AP80: =AN80+AO80 -> 0.9697625
A81: =ReturnData!A92 -> 198107 | B81: =IF('Monthly Ranks'!B80>=9, 1/8,0) -> 0.125 | C81: =IF('Monthly Ranks'!C80>=9, 1/8,0) -> 0.125 | D81: =IF('Monthly Ranks'!D80>=9, 1/8,0) -> 0.125 | E81: =IF('Monthly Ranks'!E80>=9, 1/8,0) -> 0 | F81: =IF('Monthly Ranks'!F80>=9, 1/8,0) -> 0 | G81: =IF('Monthly Ranks'!G80>=9, 1/8,0) -> 0.125 | H81: =IF('Monthly Ranks'!H80>=9, 1/8,0) -> 0.125 | I81: =IF('Monthly Ranks'!I80>=9, 1/8,0) -> 0 | ... Q81: =IF('Monthly Ranks'!Q80>=9, 1/8,0) -> 0.125 | S81: =A81 -> 198107 | T81: =B81*ReturnData!B92 -> -0.0016625 | U81: =C81*ReturnData!C92 -> 0.0051875 | V81: =D81*ReturnData!D92 -> 0.010075 | W81: =E81*ReturnData!E92 -> 0 | X81: =F81*ReturnData!F92 -> 0 | Y81: =G81*ReturnData!G92 -> -0.0063625 | Z81: =H81*ReturnData!H92 -> -0.00355 | AA81: =I81*ReturnData!I92 -> 0 | ... AI81: =Q81*ReturnData!Q92 -> -0.003875 | AK81: =S81 -> 198107 | AL81: =SUM(T81:AI81) -> -0.0004125 | AN81: 1 | AO81: =HighMomentumPortfolio!AL81-LowMomentumPortfolio!AL81 -> -0.0237875 | AP81: =AN81+AO81 -> 0.9762125
A82: =ReturnData!A93 -> 198108 | B82: =IF('Monthly Ranks'!B81>=9, 1/8,0) -> 0.125 | C82: =IF('Monthly Ranks'!C81>=9, 1/8,0) -> 0 | D82: =IF('Monthly Ranks'!D81>=9, 1/8,0) -> 0.125 | E82: =IF('Monthly Ranks'!E81>=9, 1/8,0) -> 0 | F82: =IF('Monthly Ranks'!F81>=9, 1/8,0) -> 0 | G82: =IF('Monthly Ranks'!G81>=9, 1/8,0) -> 0.125 | H82: =IF('Monthly Ranks'!H81>=9, 1/8,0) -> 0.125 | I82: =IF('Monthly Ranks'!I81>=9, 1/8,0) -> 0.125 | ... Q82: =IF('Monthly Ranks'!Q81>=9, 1/8,0) -> 0 | S82: =A82 -> 198108 | T82: =B82*ReturnData!B93 -> -0.00615 | U82: =C82*ReturnData!C93 -> 0 | V82: =D82*ReturnData!D93 -> -0.008075 | W82: =E82*ReturnData!E93 -> 0 | X82: =F82*ReturnData!F93 -> 0 | Y82: =G82*ReturnData!G93 -> -0.0089 | Z82: =H82*ReturnData!H93 -> -0.00645 | AA82: =I82*ReturnData!I93 -> -0.0065 | ... AI82: =Q82*ReturnData!Q93 -> 0 | AK82: =S82 -> 198108 | AL82: =SUM(T82:AI82) -> -0.056925 | AN82: 1 | AO82: =HighMomentumPortfolio!AL82-LowMomentumPortfolio!AL82 -> -0.001575 | AP82: =AN82+AO82 -> 0.998425
A83: =ReturnData!A94 -> 198109 | B83: =IF('Monthly Ranks'!B82>=9, 1/8,0) -> 0.125 | C83: =IF('Monthly Ranks'!C82>=9, 1/8,0) -> 0.125 | D83: =IF('Monthly Ranks'!D82>=9, 1/8,0) -> 0 | E83: =IF('Monthly Ranks'!E82>=9, 1/8,0) -> 0 | F83: =IF('Monthly Ranks'!F82>=9, 1/8,0) -> 0 | G83: =IF('Monthly Ranks'!G82>=9, 1/8,0) -> 0.125 | H83: =IF('Monthly Ranks'!H82>=9, 1/8,0) -> 0.125 | I83: =IF('Monthly Ranks'!I82>=9, 1/8,0) -> 0.125 | ... Q83: =IF('Monthly Ranks'!Q82>=9, 1/8,0) -> 0 | S83: =A83 -> 198109 | T83: =B83*ReturnData!B94 -> -0.0023625 | U83: =C83*ReturnData!C94 -> -0.018625 | V83: =D83*ReturnData!D94 -> 0 | W83: =E83*ReturnData!E94 -> 0 | X83: =F83*ReturnData!F94 -> 0 | Y83: =G83*ReturnData!G94 -> -0.01065 | Z83: =H83*ReturnData!H94 -> -0.0016375 | AA83: =I83*ReturnData!I94 -> -0.0126375 | ... AI83: =Q83*ReturnData!Q94 -> 0 | AK83: =S83 -> 198109 | AL83: =SUM(T83:AI83) -> -0.0649125 | AN83: 1 | AO83: =HighMomentumPortfolio!AL83-LowMomentumPortfolio!AL83 -> 0.00765 | AP83: =AN83+AO83 -> 1.00765
A84: =ReturnData!A95 -> 198110 | B84: =IF('Monthly Ranks'!B83>=9, 1/8,0) -> 0 | C84: =IF('Monthly Ranks'!C83>=9, 1/8,0) -> 0.125 | D84: =IF('Monthly Ranks'!D83>=9, 1/8,0) -> 0.125 | E84: =IF('Monthly Ranks'!E83>=9, 1/8,0) -> 0 | F84: =IF('Monthly Ranks'!F83>=9, 1/8,0) -> 0.125 | G84: =IF('Monthly Ranks'!G83>=9, 1/8,0) -> 0.125 | H84: =IF('Monthly Ranks'!H83>=9, 1/8,0) -> 0 | I84: =IF('Monthly Ranks'!I83>=9, 1/8,0) -> 0.125 | ... Q84: =IF('Monthly Ranks'!Q83>=9, 1/8,0) -> 0 | S84: =A84 -> 198110 | T84: =B84*ReturnData!B95 -> 0 | U84: =C84*ReturnData!C95 -> 0.0046875 | V84: =D84*ReturnData!D95 -> 0.0128625 | W84: =E84*ReturnData!E95 -> 0 | X84: =F84*ReturnData!F95 -> 0.001425 | Y84: =G84*ReturnData!G95 -> 0.006775 | Z84: =H84*ReturnData!H95 -> 0 | AA84: =I84*ReturnData!I95 -> 0.0018625 | ... AI84: =Q84*ReturnData!Q95 -> 0 | AK84: =S84 -> 198110 | AL84: =SUM(T84:AI84) -> 0.031825 | AN84: 1 | AO84: =HighMomentumPortfolio!AL84-LowMomentumPortfolio!AL84 -> 0.02465 | AP84: =AN84+AO84 -> 1.02465
A85: =ReturnData!A96 -> 198111 | B85: =IF('Monthly Ranks'!B84>=9, 1/8,0) -> 0 | C85: =IF('Monthly Ranks'!C84>=9, 1/8,0) -> 0.125 | D85: =IF('Monthly Ranks'!D84>=9, 1/8,0) -> 0.125 | E85: =IF('Monthly Ranks'!E84>=9, 1/8,0) -> 0 | F85: =IF('Monthly Ranks'!F84>=9, 1/8,0) -> 0 | G85: =IF('Monthly Ranks'!G84>=9, 1/8,0) -> 0.125 | H85: =IF('Monthly Ranks'!H84>=9, 1/8,0) -> 0 | I85: =IF('Monthly Ranks'!I84>=9, 1/8,0) -> 0.125 | ... Q85: =IF('Monthly Ranks'!Q84>=9, 1/8,0) -> 0 | S85: =A85 -> 198111 | T85: =B85*ReturnData!B96 -> 0 | U85: =C85*ReturnData!C96 -> 0.0028125 | V85: =D85*ReturnData!D96 -> 0.0086625 | W85: =E85*ReturnData!E96 -> 0 | X85: =F85*ReturnData!F96 -> 0 | Y85: =G85*ReturnData!G96 -> 0.0047 | Z85: =H85*ReturnData!H96 -> 0 | AA85: =I85*ReturnData!I96 -> 0.0079125 | ... AI85: =Q85*ReturnData!Q96 -> 0 | AK85: =S85 -> 198111 | AL85: =SUM(T85:AI85) -> 0.0329 | AN85: 1 | AO85: =HighMomentumPortfolio!AL85-LowMomentumPortfolio!AL85 -> 0.00335 | AP85: =AN85+AO85 -> 1.00335
A86: =ReturnData!A97 -> 198112 | B86: =IF('Monthly Ranks'!B85>=9, 1/8,0) -> 0 | C86: =IF('Monthly Ranks'!C85>=9, 1/8,0) -> 0.125 | D86: =IF('Monthly Ranks'!D85>=9, 1/8,0) -> 0.125 | E86: =IF('Monthly Ranks'!E85>=9, 1/8,0) -> 0 | F86: =IF('Monthly Ranks'!F85>=9, 1/8,0) -> 0 | G86: =IF('Monthly Ranks'!G85>=9, 1/8,0) -> 0.125 | H86: =IF('Monthly Ranks'!H85>=9, 1/8,0) -> 0 | I86: =IF('Monthly Ranks'!I85>=9, 1/8,0) -> 0.125 | ... Q86: =IF('Monthly Ranks'!Q85>=9, 1/8,0) -> 0 | S86: =A86 -> 198112 | T86: =B86*ReturnData!B97 -> 0 | U86: =C86*ReturnData!C97 -> -0.0076375 | V86: =D86*ReturnData!D97 -> -0.0082625 | W86: =E86*ReturnData!E97 -> 0 | X86: =F86*ReturnData!F97 -> 0 | Y86: =G86*ReturnData!G97 -> -0.0021875 | Z86: =H86*ReturnData!H97 -> 0 | AA86: =I86*ReturnData!I97 -> -0.0032625 | ... AI86: =Q86*ReturnData!Q97 -> 0 | AK86: =S86 -> 198112 | AL86: =SUM(T86:AI86) -> -0.0216125 | AN86: 1 | AO86: =HighMomentumPortfolio!AL86-LowMomentumPortfolio!AL86 -> 0.003425 | AP86: =AN86+AO86 -> 1.003425
A87: =ReturnData!A98 -> 198201 | B87: =IF('Monthly Ranks'!B86>=9, 1/8,0) -> 0 | C87: =IF('Monthly Ranks'!C86>=9, 1/8,0) -> 0.125 | D87: =IF('Monthly Ranks'!D86>=9, 1/8,0) -> 0.125 | E87: =IF('Monthly Ranks'!E86>=9, 1/8,0) -> 0 | F87: =IF('Monthly Ranks'!F86>=9, 1/8,0) -> 0 | G87: =IF('Monthly Ranks'!G86>=9, 1/8,0) -> 0.125 | H87: =IF('Monthly Ranks'!H86>=9, 1/8,0) -> 0 | I87: =IF('Monthly Ranks'!I86>=9, 1/8,0) -> 0.125 | ... Q87: =IF('Monthly Ranks'!Q86>=9, 1/8,0) -> 0 | S87: =A87 -> 198201 | T87: =B87*ReturnData!B98 -> 0 | U87: =C87*ReturnData!C98 -> -0.0141625 | V87: =D87*ReturnData!D98 -> -0.0108 | W87: =E87*ReturnData!E98 -> 0 | X87: =F87*ReturnData!F98 -> 0 | Y87: =G87*ReturnData!G98 -> -0.0053625 | Z87: =H87*ReturnData!H98 -> 0 | AA87: =I87*ReturnData!I98 -> -0.0090375 | ... AI87: =Q87*ReturnData!Q98 -> 0 | AK87: =S87 -> 198201 | AL87: =SUM(T87:AI87) -> -0.046675 | AN87: 1 | AO87: =HighMomentumPortfolio!AL87-LowMomentumPortfolio!AL87 -> 0.039975 | AP87: =AN87+AO87 -> 1.039975 | AR87: =PRODUCT(AP87:AP98) -> 1.222346
A88: =ReturnData!A99 -> 198202 | B88: =IF('Monthly Ranks'!B87>=9, 1/8,0) -> 0 | C88: =IF('Monthly Ranks'!C87>=9, 1/8,0) -> 0.125 | D88: =IF('Monthly Ranks'!D87>=9, 1/8,0) -> 0.125 | E88: =IF('Monthly Ranks'!E87>=9, 1/8,0) -> 0 | F88: =IF('Monthly Ranks'!F87>=9, 1/8,0) -> 0 | G88: =IF('Monthly Ranks'!G87>=9, 1/8,0) -> 0.125 | H88: =IF('Monthly Ranks'!H87>=9, 1/8,0) -> 0 | I88: =IF('Monthly Ranks'!I87>=9, 1/8,0) -> 0.125 | ... Q88: =IF('Monthly Ranks'!Q87>=9, 1/8,0) -> 0 | S88: =A88 -> 198202 | T88: =B88*ReturnData!B99 -> 0 | U88: =C88*ReturnData!C99 -> -0.010525 | V88: =D88*ReturnData!D99 -> -0.0144375 | W88: =E88*ReturnData!E99 -> 0 | X88: =F88*ReturnData!F99 -> 0 | Y88: =G88*ReturnData!G99 -> -0.0079375 | Z88: =H88*ReturnData!H99 -> 0 | AA88: =I88*ReturnData!I99 -> -0.0089875 | ... AI88: =Q88*ReturnData!Q99 -> 0 | AK88: =S88 -> 198202 | AL88: =SUM(T88:AI88) -> -0.0657375 | AN88: 1 | AO88: =HighMomentumPortfolio!AL88-LowMomentumPortfolio!AL88 -> 0.0408875 | AP88: =AN88+AO88 -> 1.0408875
A89: =ReturnData!A100 -> 198203 | B89: =IF('Monthly Ranks'!B88>=9, 1/8,0) -> 0 | C89: =IF('Monthly Ranks'!C88>=9, 1/8,0) -> 0.125 | D89: =IF('Monthly Ranks'!D88>=9, 1/8,0) -> 0.125 | E89: =IF('Monthly Ranks'!E88>=9, 1/8,0) -> 0 | F89: =IF('Monthly Ranks'!F88>=9, 1/8,0) -> 0 | G89: =IF('Monthly Ranks'!G88>=9, 1/8,0) -> 0.125 | H89: =IF('Monthly Ranks'!H88>=9, 1/8,0) -> 0 | I89: =IF('Monthly Ranks'!I88>=9, 1/8,0) -> 0.125 | ... Q89: =IF('Monthly Ranks'!Q88>=9, 1/8,0) -> 0 | S89: =A89 -> 198203 | T89: =B89*ReturnData!B100 -> 0 | U89: =C89*ReturnData!C100 -> -0.01285 | V89: =D89*ReturnData!D100 -> -0.004575 | W89: =E89*ReturnData!E100 -> 0 | X89: =F89*ReturnData!F100 -> 0 | Y89: =G89*ReturnData!G100 -> -0.0015 | Z89: =H89*ReturnData!H100 -> 0 | AA89: =I89*ReturnData!I100 -> -0.0033625 | ... AI89: =Q89*ReturnData!Q100 -> 0 | AK89: =S89 -> 198203 | AL89: =SUM(T89:AI89) -> -0.02755 | AN89: 1 | AO89: =HighMomentumPortfolio!AL89-LowMomentumPortfolio!AL89 -> 0.0341625 | AP89: =AN89+AO89 -> 1.0341625
A90: =ReturnData!A101 -> 198204 | B90: =IF('Monthly Ranks'!B89>=9, 1/8,0) -> 0 | C90: =IF('Monthly Ranks'!C89>=9, 1/8,0) -> 0.125 | D90: =IF('Monthly Ranks'!D89>=9, 1/8,0) -> 0.125 | E90: =IF('Monthly Ranks'!E89>=9, 1/8,0) -> 0 | F90: =IF('Monthly Ranks'!F89>=9, 1/8,0) -> 0 | G90: =IF('Monthly Ranks'!G89>=9, 1/8,0) -> 0.125 | H90: =IF('Monthly Ranks'!H89>=9, 1/8,0) -> 0 | I90: =IF('Monthly Ranks'!I89>=9, 1/8,0) -> 0.125 | ... Q90: =IF('Monthly Ranks'!Q89>=9, 1/8,0) -> 0 | S90: =A90 -> 198204 | T90: =B90*ReturnData!B101 -> 0 | U90: =C90*ReturnData!C101 -> 0.000525 | V90: =D90*ReturnData!D101 -> 0.005775 | W90: =E90*ReturnData!E101 -> 0 | X90: =F90*ReturnData!F101 -> 0 | Y90: =G90*ReturnData!G101 -> 0.0065 | Z90: =H90*ReturnData!H101 -> 0 | AA90: =I90*ReturnData!I101 -> 0.00305 | ... AI90: =Q90*ReturnData!Q101 -> 0 | AK90: =S90 -> 198204 | AL90: =SUM(T90:AI90) -> 0.034025 | AN90: 1 | AO90: =HighMomentumPortfolio!AL90-LowMomentumPortfolio!AL90 -> 0.0172 | AP90: =AN90+AO90 -> 1.0172
A91: =ReturnData!A102 -> 198205 | B91: =IF('Monthly Ranks'!B90>=9, 1/8,0) -> 0 | C91: =IF('Monthly Ranks'!C90>=9, 1/8,0) -> 0.125 | D91: =IF('Monthly Ranks'!D90>=9, 1/8,0) -> 0.125 | E91: =IF('Monthly Ranks'!E90>=9, 1/8,0) -> 0 | F91: =IF('Monthly Ranks'!F90>=9, 1/8,0) -> 0 | G91: =IF('Monthly Ranks'!G90>=9, 1/8,0) -> 0.125 | H91: =IF('Monthly Ranks'!H90>=9, 1/8,0) -> 0 | I91: =IF('Monthly Ranks'!I90>=9, 1/8,0) -> 0.125 | ... Q91: =IF('Monthly Ranks'!Q90>=9, 1/8,0) -> 0 | S91: =A91 -> 198205 | T91: =B91*ReturnData!B102 -> 0 | U91: =C91*ReturnData!C102 -> -0.007525 | V91: =D91*ReturnData!D102 -> 0.003 | W91: =E91*ReturnData!E102 -> 0 | X91: =F91*ReturnData!F102 -> 0 | Y91: =G91*ReturnData!G102 -> -0.0054 | Z91: =H91*ReturnData!H102 -> 0 | AA91: =I91*ReturnData!I102 -> -0.006825 | ... AI91: =Q91*ReturnData!Q102 -> 0 | AK91: =S91 -> 198205 | AL91: =SUM(T91:AI91) -> -0.0425375 | AN91: 1 | AO91: =HighMomentumPortfolio!AL91-LowMomentumPortfolio!AL91 -> 0.01975 | AP91: =AN91+AO91 -> 1.01975
A92: =ReturnData!A103 -> 198206 | B92: =IF('Monthly Ranks'!B91>=9, 1/8,0) -> 0 | C92: =IF('Monthly Ranks'!C91>=9, 1/8,0) -> 0.125 | D92: =IF('Monthly Ranks'!D91>=9, 1/8,0) -> 0 | E92: =IF('Monthly Ranks'!E91>=9, 1/8,0) -> 0 | F92: =IF('Monthly Ranks'!F91>=9, 1/8,0) -> 0 | G92: =IF('Monthly Ranks'!G91>=9, 1/8,0) -> 0.125 | H92: =IF('Monthly Ranks'!H91>=9, 1/8,0) -> 0 | I92: =IF('Monthly Ranks'!I91>=9, 1/8,0) -> 0.125 | ... Q92: =IF('Monthly Ranks'!Q91>=9, 1/8,0) -> 0 | S92: =A92 -> 198206 | T92: =B92*ReturnData!B103 -> 0 | U92: =C92*ReturnData!C103 -> -0.0077625 | V92: =D92*ReturnData!D103 -> 0 | W92: =E92*ReturnData!E103 -> 0 | X92: =F92*ReturnData!F103 -> 0 | Y92: =G92*ReturnData!G103 -> -0.0059375 | Z92: =H92*ReturnData!H103 -> 0 | AA92: =I92*ReturnData!I103 -> -0.003375 | ... AI92: =Q92*ReturnData!Q103 -> 0 | AK92: =S92 -> 198206 | AL92: =SUM(T92:AI92) -> -0.033125 | AN92: 1 | AO92: =HighMomentumPortfolio!AL92-LowMomentumPortfolio!AL92 -> 0.0296125 | AP92: =AN92+AO92 -> 1.0296125
A93: =ReturnData!A104 -> 198207 | B93: =IF('Monthly Ranks'!B92>=9, 1/8,0) -> 0 | C93: =IF('Monthly Ranks'!C92>=9, 1/8,0) -> 0.125 | D93: =IF('Monthly Ranks'!D92>=9, 1/8,0) -> 0.125 | E93: =IF('Monthly Ranks'!E92>=9, 1/8,0) -> 0 | F93: =IF('Monthly Ranks'!F92>=9, 1/8,0) -> 0 | G93: =IF('Monthly Ranks'!G92>=9, 1/8,0) -> 0.125 | H93: =IF('Monthly Ranks'!H92>=9, 1/8,0) -> 0 | I93: =IF('Monthly Ranks'!I92>=9, 1/8,0) -> 0.125 | ... Q93: =IF('Monthly Ranks'!Q92>=9, 1/8,0) -> 0 | S93: =A93 -> 198207 | T93: =B93*ReturnData!B104 -> 0 | U93: =C93*ReturnData!C104 -> -0.0070625 | V93: =D93*ReturnData!D104 -> -0.009975 | W93: =E93*ReturnData!E104 -> 0 | X93: =F93*ReturnData!F104 -> 0 | Y93: =G93*ReturnData!G104 -> -0.004975 | Z93: =H93*ReturnData!H104 -> 0 | AA93: =I93*ReturnData!I104 -> -0.0038875 | ... AI93: =Q93*ReturnData!Q104 -> 0 | AK93: =S93 -> 198207 | AL93: =SUM(T93:AI93) -> -0.0365375 | AN93: 1 | AO93: =HighMomentumPortfolio!AL93-LowMomentumPortfolio!AL93 -> 0.0290375 | AP93: =AN93+AO93 -> 1.0290375
A94: =ReturnData!A105 -> 198208 | B94: =IF('Monthly Ranks'!B93>=9, 1/8,0) -> 0 | C94: =IF('Monthly Ranks'!C93>=9, 1/8,0) -> 0.125 | D94: =IF('Monthly Ranks'!D93>=9, 1/8,0) -> 0.125 | E94: =IF('Monthly Ranks'!E93>=9, 1/8,0) -> 0 | F94: =IF('Monthly Ranks'!F93>=9, 1/8,0) -> 0 | G94: =IF('Monthly Ranks'!G93>=9, 1/8,0) -> 0.125 | H94: =IF('Monthly Ranks'!H93>=9, 1/8,0) -> 0 | I94: =IF('Monthly Ranks'!I93>=9, 1/8,0) -> 0.125 | ... Q94: =IF('Monthly Ranks'!Q93>=9, 1/8,0) -> 0 | S94: =A94 -> 198208 | T94: =B94*ReturnData!B105 -> 0 | U94: =C94*ReturnData!C105 -> 0.0260875 | V94: =D94*ReturnData!D105 -> 0.01235 | W94: =E94*ReturnData!E105 -> 0 | X94: =F94*ReturnData!F105 -> 0 | Y94: =G94*ReturnData!G105 -> 0.01905 | Z94: =H94*ReturnData!H105 -> 0 | AA94: =I94*ReturnData!I105 -> 0.0221125 | ... AI94: =Q94*ReturnData!Q105 -> 0 | AK94: =S94 -> 198208 | AL94: =SUM(T94:AI94) -> 0.1457125 | AN94: 1 | AO94: =HighMomentumPortfolio!AL94-LowMomentumPortfolio!AL94 -> -0.030475 | AP94: =AN94+AO94 -> 0.969525
A95: =ReturnData!A106 -> 198209 | B95: =IF('Monthly Ranks'!B94>=9, 1/8,0) -> 0 | C95: =IF('Monthly Ranks'!C94>=9, 1/8,0) -> 0.125 | D95: =IF('Monthly Ranks'!D94>=9, 1/8,0) -> 0.125 | E95: =IF('Monthly Ranks'!E94>=9, 1/8,0) -> 0 | F95: =IF('Monthly Ranks'!F94>=9, 1/8,0) -> 0 | G95: =IF('Monthly Ranks'!G94>=9, 1/8,0) -> 0.125 | H95: =IF('Monthly Ranks'!H94>=9, 1/8,0) -> 0 | I95: =IF('Monthly Ranks'!I94>=9, 1/8,0) -> 0.125 | ... Q95: =IF('Monthly Ranks'!Q94>=9, 1/8,0) -> 0 | S95: =A95 -> 198209 | T95: =B95*ReturnData!B106 -> 0 | U95: =C95*ReturnData!C106 -> 0.00055 | V95: =D95*ReturnData!D106 -> 0.0022 | W95: =E95*ReturnData!E106 -> 0 | X95: =F95*ReturnData!F106 -> 0 | Y95: =G95*ReturnData!G106 -> -0.00035 | Z95: =H95*ReturnData!H106 -> 0 | AA95: =I95*ReturnData!I106 -> -0.000675 | ... AI95: =Q95*ReturnData!Q106 -> 0 | AK95: =S95 -> 198209 | AL95: =SUM(T95:AI95) -> -0.0080875 | AN95: 1 | AO95: =HighMomentumPortfolio!AL95-LowMomentumPortfolio!AL95 -> 0.0398375 | AP95: =AN95+AO95 -> 1.0398375
A96: =ReturnData!A107 -> 198210 | B96: =IF('Monthly Ranks'!B95>=9, 1/8,0) -> 0 | C96: =IF('Monthly Ranks'!C95>=9, 1/8,0) -> 0.125 | D96: =IF('Monthly Ranks'!D95>=9, 1/8,0) -> 0.125 | E96: =IF('Monthly Ranks'!E95>=9, 1/8,0) -> 0 | F96: =IF('Monthly Ranks'!F95>=9, 1/8,0) -> 0 | G96: =IF('Monthly Ranks'!G95>=9, 1/8,0) -> 0.125 | H96: =IF('Monthly Ranks'!H95>=9, 1/8,0) -> 0 | I96: =IF('Monthly Ranks'!I95>=9, 1/8,0) -> 0.125 | ... Q96: =IF('Monthly Ranks'!Q95>=9, 1/8,0) -> 0.125 | S96: =A96 -> 198210 | T96: =B96*ReturnData!B107 -> 0 | U96: =C96*ReturnData!C107 -> 0.0220375 | V96: =D96*ReturnData!D107 -> 0.006925 | W96: =E96*ReturnData!E107 -> 0 | X96: =F96*ReturnData!F107 -> 0 | Y96: =G96*ReturnData!G107 -> 0.015975 | Z96: =H96*ReturnData!H107 -> 0 | AA96: =I96*ReturnData!I107 -> 0.0230375 | ... AI96: =Q96*ReturnData!Q107 -> 0.019 | AK96: =S96 -> 198210 | AL96: =SUM(T96:AI96) -> 0.1351375 | AN96: 1 | AO96: =HighMomentumPortfolio!AL96-LowMomentumPortfolio!AL96 -> -0.0132375 | AP96: =AN96+AO96 -> 0.9867625
A97: =ReturnData!A108 -> 198211 | B97: =IF('Monthly Ranks'!B96>=9, 1/8,0) -> 0 | C97: =IF('Monthly Ranks'!C96>=9, 1/8,0) -> 0.125 | D97: =IF('Monthly Ranks'!D96>=9, 1/8,0) -> 0.125 | E97: =IF('Monthly Ranks'!E96>=9, 1/8,0) -> 0 | F97: =IF('Monthly Ranks'!F96>=9, 1/8,0) -> 0 | G97: =IF('Monthly Ranks'!G96>=9, 1/8,0) -> 0.125 | H97: =IF('Monthly Ranks'!H96>=9, 1/8,0) -> 0 | I97: =IF('Monthly Ranks'!I96>=9, 1/8,0) -> 0.125 | ... Q97: =IF('Monthly Ranks'!Q96>=9, 1/8,0) -> 0 | S97: =A97 -> 198211 | T97: =B97*ReturnData!B108 -> 0 | U97: =C97*ReturnData!C108 -> 0.00775 | V97: =D97*ReturnData!D108 -> -0.0059375 | W97: =E97*ReturnData!E108 -> 0 | X97: =F97*ReturnData!F108 -> 0 | Y97: =G97*ReturnData!G108 -> 0.0036875 | Z97: =H97*ReturnData!H108 -> 0 | AA97: =I97*ReturnData!I108 -> 0.014625 | ... AI97: =Q97*ReturnData!Q108 -> 0 | AK97: =S97 -> 198211 | AL97: =SUM(T97:AI97) -> 0.0527625 | AN97: 1 | AO97: =HighMomentumPortfolio!AL97-LowMomentumPortfolio!AL97 -> 0.0120625 | AP97: =AN97+AO97 -> 1.0120625
A98: =ReturnData!A109 -> 198212 | B98: =IF('Monthly Ranks'!B97>=9, 1/8,0) -> 0 | C98: =IF('Monthly Ranks'!C97>=9, 1/8,0) -> 0.125 | D98: =IF('Monthly Ranks'!D97>=9, 1/8,0) -> 0.125 | E98: =IF('Monthly Ranks'!E97>=9, 1/8,0) -> 0 | F98: =IF('Monthly Ranks'!F97>=9, 1/8,0) -> 0 | G98: =IF('Monthly Ranks'!G97>=9, 1/8,0) -> 0.125 | H98: =IF('Monthly Ranks'!H97>=9, 1/8,0) -> 0 | I98: =IF('Monthly Ranks'!I97>=9, 1/8,0) -> 0.125 | ... Q98: =IF('Monthly Ranks'!Q97>=9, 1/8,0) -> 0.125 | S98: =A98 -> 198212 | T98: =B98*ReturnData!B109 -> 0 | U98: =C98*ReturnData!C109 -> 0.0074375 | V98: =D98*ReturnData!D109 -> 0.007175 | W98: =E98*ReturnData!E109 -> 0 | X98: =F98*ReturnData!F109 -> 0 | Y98: =G98*ReturnData!G109 -> -0.002925 | Z98: =H98*ReturnData!H109 -> 0 | AA98: =I98*ReturnData!I109 -> 0.0037375 | ... AI98: =Q98*ReturnData!Q109 -> -0.0029125 | AK98: =S98 -> 198212 | AL98: =SUM(T98:AI98) -> 0.02185 | AN98: 1 | AO98: =HighMomentumPortfolio!AL98-LowMomentumPortfolio!AL98 -> -0.0132 | AP98: =AN98+AO98 -> 0.9868
A99: =ReturnData!A110 -> 198301 | B99: =IF('Monthly Ranks'!B98>=9, 1/8,0) -> 0 | C99: =IF('Monthly Ranks'!C98>=9, 1/8,0) -> 0.125 | D99: =IF('Monthly Ranks'!D98>=9, 1/8,0) -> 0.125 | E99: =IF('Monthly Ranks'!E98>=9, 1/8,0) -> 0 | F99: =IF('Monthly Ranks'!F98>=9, 1/8,0) -> 0 | G99: =IF('Monthly Ranks'!G98>=9, 1/8,0) -> 0.125 | H99: =IF('Monthly Ranks'!H98>=9, 1/8,0) -> 0 | I99: =IF('Monthly Ranks'!I98>=9, 1/8,0) -> 0.125 | ... Q99: =IF('Monthly Ranks'!Q98>=9, 1/8,0) -> 0.125 | S99: =A99 -> 198301 | T99: =B99*ReturnData!B110 -> 0 | U99: =C99*ReturnData!C110 -> 0.017775 | V99: =D99*ReturnData!D110 -> 0.0044875 | W99: =E99*ReturnData!E110 -> 0 | X99: =F99*ReturnData!F110 -> 0 | Y99: =G99*ReturnData!G110 -> 0.0124875 | Z99: =H99*ReturnData!H110 -> 0 | AA99: =I99*ReturnData!I110 -> 0.0026 | ... AI99: =Q99*ReturnData!Q110 -> 0.0006 | AK99: =S99 -> 198301 | AL99: =SUM(T99:AI99) -> 0.0608375 | AN99: 1 | AO99: =HighMomentumPortfolio!AL99-LowMomentumPortfolio!AL99 -> -0.030175 | AP99: =AN99+AO99 -> 0.969825 | AR99: =PRODUCT(AP99:AP110) -> 0.94895753
A100: =ReturnData!A111 -> 198302 | B100: =IF('Monthly Ranks'!B99>=9, 1/8,0) -> 0 | C100: =IF('Monthly Ranks'!C99>=9, 1/8,0) -> 0.125 | D100: =IF('Monthly Ranks'!D99>=9, 1/8,0) -> 0.125 | E100: =IF('Monthly Ranks'!E99>=9, 1/8,0) -> 0 | F100: =IF('Monthly Ranks'!F99>=9, 1/8,0) -> 0 | G100: =IF('Monthly Ranks'!G99>=9, 1/8,0) -> 0.125 | H100: =IF('Monthly Ranks'!H99>=9, 1/8,0) -> 0.125 | I100: =IF('Monthly Ranks'!I99>=9, 1/8,0) -> 0 | ... Q100: =IF('Monthly Ranks'!Q99>=9, 1/8,0) -> 0.125 | S100: =A100 -> 198302 | T100: =B100*ReturnData!B111 -> 0 | U100: =C100*ReturnData!C111 -> -0.00915 | V100: =D100*ReturnData!D111 -> -0.000725 | W100: =E100*ReturnData!E111 -> 0 | X100: =F100*ReturnData!F111 -> 0 | Y100: =G100*ReturnData!G111 -> 0.0056 | Z100: =H100*ReturnData!H111 -> 0.00235 | AA100: =I100*ReturnData!I111 -> 0 | ... AI100: =Q100*ReturnData!Q111 -> 0.0067875 | AK100: =S100 -> 198302 | AL100: =SUM(T100:AI100) -> 0.0177625 | AN100: 1 | AO100: =HighMomentumPortfolio!AL100-LowMomentumPortfolio!AL100 -> 0.03195 | AP100: =AN100+AO100 -> 1.03195
...

Sheet Drawdown
A1: Date | B1: =LowMomentumPortfolio!AL2 -> Return | C1: Cumulative Wealth | D1: High Water Mark | E1: Drawdown
A2: =ReturnData!A13 -> 197412 | B2: -0.021075 | G2: Drawdown Start Date | H2: {=LOOKUP(2,1/(ROUND(C$3:INDEX(C:C,H5),8)=ROUND(INDEX(D:D,H5),8)),A$3:INDEX(A:A,H5))} -> 200805
A3: =ReturnData!A14 -> 197501 | B3: 0.000775 | C3: =1*(1+B3) -> 1.000775 | D3: =MAX($C$3:C3) -> 1.000775 | E3: =(C3-D3)/D3 -> 0 | G3: Trough Date | H3: =INDEX(A3:A602,MATCH(MIN(E3:E602),E3:E602,0)) -> 201201
A4: =ReturnData!A15 -> 197502 | B4: -0.015675 | C4: =C3*(1+B4) -> 0.98508785 | D4: =MAX($C$3:C4) -> 1.000775 | E4: =(C4-D4)/D4 -> -0.015675 | G4: Start Row | H4: =MATCH(H2,A:A,0) -> 403
A5: =ReturnData!A16 -> 197503 | B5: 0.0209375 | C5: =C4*(1+B5) -> 1.0057131 | D5: =MAX($C$3:C5) -> 1.0057131 | E5: =(C5-D5)/D5 -> 0 | G5: Trough Row | H5: =MATCH(H3,A:A,0) -> 447
A6: =ReturnData!A17 -> 197504 | B6: -0.0097375 | C6: =C5*(1+B6) -> 0.99592 | D6: =MAX($C$3:C6) -> 1.0057131 | E6: =(C6-D6)/D6 -> -0.0097375 | G6: High-Water Mark at Drawdown Start | H6: {=INDEX(C:C,H4)} -> 3.6912025
A7: =ReturnData!A18 -> 197505 | B7: 0.0045375 | C7: =C6*(1+B7) -> 1.000439 | D7: =MAX($C$3:C7) -> 1.0057131 | E7: =(C7-D7)/D7 -> -0.0052441839 | G7: Recovery Date | H7: {=INDEX(A:A,H8)} -> 202011
A8: =ReturnData!A19 -> 197506 | B8: 0.0151875 | C8: =C7*(1+B8) -> 1.0156332 | D8: =MAX($C$3:C8) -> 1.0156332 | E8: =(C8-D8)/D8 -> 0 | G8: Recovery Row | H8: {=MATCH(TRUE,INDEX(C:C,H5):C$602>=H6,0)+H5-1} -> 553
A9: =ReturnData!A20 -> 197507 | B9: -0.0186125 | C9: =C8*(1+B9) -> 0.99672968 | D9: =MAX($C$3:C9) -> 1.0156332 | E9: =(C9-D9)/D9 -> -0.0186125 | G9: Recovery Period | H9: =H8-H4 -> 150
A10: =ReturnData!A21 -> 197508 | B10: 0.0180875 | C10: =C9*(1+B10) -> 1.014758 | D10: =MAX($C$3:C10) -> 1.0156332 | E10: =(C10-D10)/D10 -> -0.00086165359
A11: =ReturnData!A22 -> 197509 | B11: -0.010225 | C11: =C10*(1+B11) -> 1.0043821 | D11: =MAX($C$3:C11) -> 1.0156332 | E11: =(C11-D11)/D11 -> -0.011077843 | G11: Max Drawdown | H11: =MIN(E3:E601) -> -0.31721214
A12: =ReturnData!A23 -> 197510 | B12: 0.010475 | C12: =C11*(1+B12) -> 1.014903 | D12: =MAX($C$3:C12) -> 1.0156332 | E12: =(C12-D12)/D12 -> -0.00071888359
A13: =ReturnData!A24 -> 197511 | B13: 0.001175 | C13: =C12*(1+B13) -> 1.0160955 | D13: =MAX($C$3:C13) -> 1.0160955 | E13: =(C13-D13)/D13 -> 0
A14: =ReturnData!A25 -> 197512 | B14: 0.0150125 | C14: =C13*(1+B14) -> 1.0313497 | D14: =MAX($C$3:C14) -> 1.0313497 | E14: =(C14-D14)/D14 -> 0
A15: =ReturnData!A26 -> 197601 | B15: 0.0192875 | C15: =C14*(1+B15) -> 1.0512418 | D15: =MAX($C$3:C15) -> 1.0512418 | E15: =(C15-D15)/D15 -> 0
A16: =ReturnData!A27 -> 197602 | B16: -0.013275 | C16: =C15*(1+B16) -> 1.0372866 | D16: =MAX($C$3:C16) -> 1.0512418 | E16: =(C16-D16)/D16 -> -0.013275
A17: =ReturnData!A28 -> 197603 | B17: 0.0030125 | C17: =C16*(1+B17) -> 1.0404114 | D17: =MAX($C$3:C17) -> 1.0512418 | E17: =(C17-D17)/D17 -> -0.010302491
A18: =ReturnData!A29 -> 197604 | B18: -0.0199375 | C18: =C17*(1+B18) -> 1.0196682 | D18: =MAX($C$3:C18) -> 1.0512418 | E18: =(C18-D18)/D18 -> -0.030034585
A19: =ReturnData!A30 -> 197605 | B19: -0.02985 | C19: =C18*(1+B19) -> 0.98923112 | D19: =MAX($C$3:C19) -> 1.0512418 | E19: =(C19-D19)/D19 -> -0.058988053
A20: =ReturnData!A31 -> 197606 | B20: -0.0085 | C20: =C19*(1+B20) -> 0.98082266 | D20: =MAX($C$3:C20) -> 1.0512418 | E20: =(C20-D20)/D20 -> -0.066986654
A21: =ReturnData!A32 -> 197607 | B21: -0.0174625 | C21: =C20*(1+B21) -> 0.96369504 | D21: =MAX($C$3:C21) -> 1.0512418 | E21: =(C21-D21)/D21 -> -0.0832794
A22: =ReturnData!A33 -> 197608 | B22: 0.0119125 | C22: =C21*(1+B22) -> 0.97517506 | D22: =MAX($C$3:C22) -> 1.0512418 | E22: =(C22-D22)/D22 -> -0.072358966
A23: =ReturnData!A34 -> 197609 | B23: 0.0043 | C23: =C22*(1+B23) -> 0.97936831 | D23: =MAX($C$3:C23) -> 1.0512418 | E23: =(C23-D23)/D23 -> -0.068370109
... A601: =ReturnData!A612 -> 202411 | B601: -0.015125 | C601: =C600*(1+B601) -> 4.3698 | D601: =MAX($C$3:C601) -> 4.4369082 | E601: =(C601-D601)/D601 -> -0.015125
A602: 202412 | B602: -0.068175 | C602: =C601*(1+B602) -> 4.0718889 | D602: =MAX($C$3:C602) -> 4.4369082 | E602: =(C602-D602)/D602 -> -0.082268853
A603: x | B603: x | C603: x | D603: x | E603: x | F603: x

Sheet Leverage
B2: Unlevered Annual Volatility | C2: =LowMomentumPortfolio!AX4 -> 0.095015497
B3: Target Annual Volatility | C3: 0.12
B4: Required Weight Per Side | C4: =C3/C2 -> 1.2629519
B5: Long HM Weight | C5: =C4 -> 1.2629519
B6: Short LM Weight | C6: =-C4 -> -1.2629519
B7: Leverage | C7: =ABS(C5)+ABS(C6) -> 2.5259037

Sheet Single Factor Regression Graph
A1: SUMMARY OUTPUT
A3: Regression Statistics
A4: Multiple R | B4: 0.0025171022
A5: R Square | B5: 6.3358034e-06
A6: Adjusted R Square | B6: -0.0016658944
A7: Standard Error | B7: 0.027474353
A8: Observations | B8: 600
A10: ANOVA
B11: df | C11: SS | D11: MS | E11: F | F11: Significance F
A12: Regression | B12: 1 | C12: 2.8599641e-06 | D12: 2.8599641e-06 | E12: 0.0037888344 | F12: 0.95093897
A13: Residual | B13: 598 | C13: 0.45139438 | D13: 0.0007548401
A14: Total | B14: 599 | C14: 0.45139724
B16: Coefficients | C16: Standard Error | D16: t Stat | E16: P-value | F16: Lower 95% | G16: Upper 95% | H16: Lower 95.0% | I16: Upper 95.0%
A17: Intercept | B17: 0.002814574 | C17: 0.0011367326 | D17: 2.4760211 | E17: 0.013561294 | F17: 0.00058210052 | G17: 0.0050470474 | H17: 0.00058210052 | I17: 0.0050470474
A18: X Variable 1 | B18: -0.001531068 | C18: 0.024873774 | D18: -0.061553509 | E18: 0.95093897 | F18: -0.050381639 | G18: 0.047319503 | H18: -0.050381639 | I18: 0.047319503

Sheet Single Factor Regression
A1: date | B1: mktrf | C1: Long-Short return
A2: 197501 | B2: 0.1366 | C2: -0.021075 | F2: SUMMARY OUTPUT
A3: 197502 | B3: 0.0556 | C3: 0.000775
A4: 197503 | B4: 0.0266 | C4: -0.015675 | F4: Regression Statistics
A5: 197504 | B5: 0.0423 | C5: 0.0209375 | F5: Multiple R | G5: 0.0025171022
A6: 197505 | B6: 0.0519 | C6: -0.0097375 | F6: R Square | G6: 6.3358034e-06
A7: 197506 | B7: 0.0483 | C7: 0.0045375 | F7: Adjusted R Square | G7: -0.0016658944
A8: 197507 | B8: -0.0659 | C8: 0.0151875 | F8: Standard Error | G8: 0.027474353
A9: 197508 | B9: -0.0285 | C9: -0.0186125 | F9: Observations | G9: 600
A10: 197509 | B10: -0.0426 | C10: 0.0180875
A11: 197510 | B11: 0.0531 | C11: -0.010225 | F11: ANOVA
A12: 197511 | B12: 0.0264 | C12: 0.010475 | G12: df | H12: SS | I12: MS | J12: F | K12: Significance F
A13: 197512 | B13: -0.016 | C13: 0.001175 | F13: Regression | G13: 1 | H13: 2.8599641e-06 | I13: 2.8599641e-06 | J13: 0.0037888344 | K13: 0.95093897
A14: 197601 | B14: 0.1216 | C14: 0.0150125 | F14: Residual | G14: 598 | H14: 0.45139438 | I14: 0.0007548401
A15: 197602 | B15: 0.0032 | C15: 0.0192875 | F15: Total | G15: 599 | H15: 0.45139724
A16: 197603 | B16: 0.0232 | C16: -0.013275
A17: 197604 | B17: -0.0149 | C17: 0.0030125 | G17: Coefficients | H17: Standard Error | I17: t Stat | J17: P-value | K17: Lower 95% | L17: Upper 95% | M17: Lower 95.0% | N17: Upper 95.0%
A18: 197605 | B18: -0.0134 | C18: -0.0199375 | F18: Intercept | G18: 0.002814574 | H18: 0.0011367326 | I18: 2.4760211 | J18: 0.013561294 | K18: 0.00058210052 | L18: 0.0050470474 | M18: 0.00058210052 | N18: 0.0050470474
A19: 197606 | B19: 0.0405 | C19: -0.02985 | F19: X Variable 1 | G19: -0.001531068 | H19: 0.024873774 | I19: -0.061553509 | J19: 0.95093897 | K19: -0.050381639 | L19: 0.047319503 | M19: -0.050381639 | N19: 0.047319503
A20: 197607 | B20: -0.0107 | C20: -0.0085
A21: 197608 | B21: -0.0056 | C21: -0.0174625 | F21: Alpha | G21: =G18 -> 0.002814574
A22: 197609 | B22: 0.0207 | C22: 0.0119125 | F22: Market Beta | G22: =G19 -> -0.001531068
A23: 197610 | B23: -0.0242 | C23: 0.0043 | F23: R^2 | G23: =G6 -> 6.3358034e-06
A24: 197611 | B24: 0.0036 | C24: 0.0086875 | F24: Alpha t-stat | G24: =I18 -> 2.4760211
A25: 197612 | B25: 0.0565 | C25: 0.0092625 | F25: Alpha p | G25: =J18 -> 0.013561294
A26: 197701 | B26: -0.0405 | C26: 0.022325 | F26: Volatility | G26: =G8 -> 0.027474353
A27: 197702 | B27: -0.0194 | C27: -0.0060375
A28: 197703 | B28: -0.0137 | C28: 0.009275
A29: 197704 | B29: 0.0015 | C29: 0.0329625
A30: 197705 | B30: -0.0145 | C30: 0.0181875
A31: 197706 | B31: 0.0471 | C31: 0.0128125
A32: 197707 | B32: -0.0169 | C32: 0.008925
A33: 197708 | B33: -0.0175 | C33: -0.02005
A34: 197709 | B34: -0.0027 | C34: 0.0195875
A35: 197710 | B35: -0.0438 | C35: 0.0010875
A36: 197711 | B36: 0.04 | C36: 0.0063875
A37: 197712 | B37: 0.0027 | C37: -0.00575
A38: 197801 | B38: -0.0601 | C38: 0.0125875
... A601: 202412 | B601: -0.0317 | C601: -0.015125

Sheet Optimal Market and Longshort Po
A1: date | B1: mktrf | D1: Strategy Alpha | E1: ='Single Factor Regression'!G21 -> 0.002814574
A2: 197501 | B2: 0.1366 | D2: Strategy Beta | E2: ='Single Factor Regression'!G22 -> -0.001531068
A3: 197502 | B3: 0.0556 | D3: Idiosyncratic Volatility | E3: ='Single Factor Regression'!G26 -> 0.027474353
A4: 197503 | B4: 0.0266 | D4: Idiosyncratic Variance | E4: =E3^2 -> 0.0007548401
A5: 197504 | B5: 0.0423 | D5: Expected Market Risk Premium | E5: =AVERAGE(B2:B601) -> 0.0074233333
A6: 197505 | B6: 0.0519 | D6: Market Volatility | E6: =_xlfn.STDEV.P(B2:B601) -> 0.045093109
A7: 197506 | B7: 0.0483 | D7: Market Variance | E7: =E6^2 -> 0.0020333885
A8: 197507 | B8: -0.0659
A9: 197508 | B9: -0.0285 | D9: Unadjusted Active Weight | E9: =(E1/E4)/(E5/E7) -> 1.0213606
A10: 197509 | B10: -0.0426 | D10: Adjusted Active Weight | E10: =E9/(1+(1-E2)*E9) -> 0.50489312
A11: 197510 | B11: 0.0531 | D11: Market Weight | E11: =1-E10 -> 0.49510688
A12: 197511 | B12: 0.0264
A13: 197512 | B13: -0.016
A14: 197601 | B14: 0.1216
A15: 197602 | B15: 0.0032
A16: 197603 | B16: 0.0232
A17: 197604 | B17: -0.0149
A18: 197605 | B18: -0.0134
A19: 197606 | B19: 0.0405
A20: 197607 | B20: -0.0107
A21: 197608 | B21: -0.0056
A22: 197609 | B22: 0.0207
A23: 197610 | B23: -0.0242
... A601: 202412 | B601: -0.0317

Sheet Correlation Table
A1: date | B1: mktrf | C1: smb | D1: hml | E1: umd | G1: Long-Short return | J1: MKT | K1: SMB | L1: HML | M1: UMD
A2: 197501 | B2: 0.1366 | C2: 0.1114 | D2: 0.0828 | E2: -0.1382 | G2: -0.021075 | I2: Correlations | J2: =CORREL($G$2:$G$601,B2:B601) -> -0.0025171022 | K2: =CORREL($G$2:$G$601,C2:C601) -> 0.083792771 | L2: =CORREL($G$2:$G$601,D2:D601) -> -0.19326058 | M2: =CORREL($G$2:$G$601,E2:E601) -> 0.70050533
A3: 197502 | B3: 0.0556 | C3: 0.0016 | D3: -0.0445 | E3: -0.0061 | G3: 0.000775
A4: 197503 | B4: 0.0266 | C4: 0.0379 | D4: 0.0238 | E4: -0.0204 | G4: -0.015675
A5: 197504 | B5: 0.0423 | C5: -0.0065 | D5: -0.0114 | E5: 0.0138 | G5: 0.0209375
A6: 197505 | B6: 0.0519 | C6: 0.0383 | D6: -0.041 | E6: -0.0058 | G6: -0.0097375
A7: 197506 | B7: 0.0483 | C7: 0.0087 | D7: 0.0138 | E7: 0.0004 | G7: 0.0045375
A8: 197507 | B8: -0.0659 | C8: 0.027 | D8: 0.0169 | E8: 0.0042 | G8: 0.0151875
A9: 197508 | B9: -0.0285 | C9: -0.0325 | D9: -0.0095 | E9: -0.001 | G9: -0.0186125
A10: 197509 | B10: -0.0426 | C10: -0.001 | D10: 0.0039 | E10: 0.0041 | G10: 0.0180875
A11: 197510 | B11: 0.0531 | C11: -0.0403 | D11: 0.0028 | E11: -0.0016 | G11: -0.010225
A12: 197511 | B12: 0.0264 | C12: -0.012 | D12: 0.0203 | E12: -0.0045 | G12: 0.010475
A13: 197512 | B13: -0.016 | C13: -0.0078 | D13: 0.0169 | E13: -0.0011 | G13: 0.001175
A14: 197601 | B14: 0.1216 | C14: 0.0481 | D14: 0.0863 | E14: 0.0445 | G14: 0.0150125
... A601: 202412 | B601: -0.0317 | C601: -0.0271 | D601: -0.03 | E601: -0.003 | G601: -0.015125

Sheet Sheet10
A1: SUMMARY OUTPUT
A3: Regression Statistics
A4: Multiple R | B4: 0.71167349
A5: R Square | B5: 0.50647916
A6: Adjusted R Square | B6: 0.50316137
A7: Standard Error | B7: 0.019349677
A8: Observations | B8: 600
A10: ANOVA
B11: df | C11: SS | D11: MS | E11: F | F11: Significance F
A12: Regression | B12: 4 | C12: 0.22862329 | D12: 0.057155823 | E12: 152.65571 | F12: 8.6957607e-90
A13: Residual | B13: 595 | C13: 0.22277395 | D13: 0.00037440999
A14: Total | B14: 599 | C14: 0.45139724
B16: Coefficients | C16: Standard Error | D16: t Stat | E16: P-value | F16: Lower 95% | G16: Upper 95% | H16: Lower 95.0% | I16: Upper 95.0%
A17: Intercept | B17: -0.0001451903 | C17: 0.0008188993 | D17: -0.17729933 | E17: 0.85933361 | F17: -0.0017534749 | G17: 0.0014630943 | H17: -0.0017534749 | I17: 0.0014630943
A18: mktrf | B18: 0.056749025 | C18: 0.018764321 | D18: 3.0243048 | E18: 0.0025994836 | F18: 0.019896669 | G18: 0.093601382 | H18: 0.019896669 | I18: 0.093601382
A19: smb | B19: 0.055278381 | C19: 0.027352021 | D19: 2.020998 | E19: 0.0437273 | F19: 0.0015601334 | G19: 0.10899663 | H19: 0.0015601334 | I19: 0.10899663
A20: hml | B20: -0.0082249588 | C20: 0.026933144 | D20: -0.30538428 | E20: 0.7601803 | F20: -0.061120549 | G20: 0.044670631 | H20: -0.061120549 | I20: 0.044670631
A21: umd | B21: 0.45246242 | C21: 0.019148015 | D21: 23.62973 | E21: 1.4290018e-87 | F21: 0.4148565 | G21: 0.49006833 | H21: 0.4148565 | I21: 0.49006833

Sheet Sheet11
A1: SUMMARY OUTPUT
A3: Regression Statistics
A4: Multiple R | B4: 0.71167349
A5: R Square | B5: 0.50647916
A6: Adjusted R Square | B6: 0.50316137
A7: Standard Error | B7: 0.019349677
A8: Observations | B8: 600
A10: ANOVA
B11: df | C11: SS | D11: MS | E11: F | F11: Significance F
A12: Regression | B12: 4 | C12: 0.22862329 | D12: 0.057155823 | E12: 152.65571 | F12: 8.6957607e-90
A13: Residual | B13: 595 | C13: 0.22277395 | D13: 0.00037440999
A14: Total | B14: 599 | C14: 0.45139724
B16: Coefficients | C16: Standard Error | D16: t Stat | E16: P-value | F16: Lower 95% | G16: Upper 95% | H16: Lower 95.0% | I16: Upper 95.0%
A17: Intercept | B17: -0.0001451903 | C17: 0.0008188993 | D17: -0.17729933 | E17: 0.85933361 | F17: -0.0017534749 | G17: 0.0014630943 | H17: -0.0017534749 | I17: 0.0014630943
A18: mktrf | B18: 0.056749025 | C18: 0.018764321 | D18: 3.0243048 | E18: 0.0025994836 | F18: 0.019896669 | G18: 0.093601382 | H18: 0.019896669 | I18: 0.093601382
A19: smb | B19: 0.055278381 | C19: 0.027352021 | D19: 2.020998 | E19: 0.0437273 | F19: 0.0015601334 | G19: 0.10899663 | H19: 0.0015601334 | I19: 0.10899663
A20: hml | B20: -0.0082249588 | C20: 0.026933144 | D20: -0.30538428 | E20: 0.7601803 | F20: -0.061120549 | G20: 0.044670631 | H20: -0.061120549 | I20: 0.044670631
A21: umd | B21: 0.45246242 | C21: 0.019148015 | D21: 23.62973 | E21: 1.4290018e-87 | F21: 0.4148565 | G21: 0.49006833 | H21: 0.4148565 | I21: 0.49006833

Sheet Multi Factor Regression 
A1: date | B1: mktrf | C1: smb | D1: hml | E1: umd | G1: Long-Short return
A2: 197501 | B2: 0.1366 | C2: 0.1114 | D2: 0.0828 | E2: -0.1382 | G2: =LowMomentumPortfolio!AO3 -> -0.021075
A3: 197502 | B3: 0.0556 | C3: 0.0016 | D3: -0.0445 | E3: -0.0061 | G3: =LowMomentumPortfolio!AO4 -> 0.000775
A4: 197503 | B4: 0.0266 | C4: 0.0379 | D4: 0.0238 | E4: -0.0204 | G4: =LowMomentumPortfolio!AO5 -> -0.015675 | J4: SUMMARY OUTPUT
A5: 197504 | B5: 0.0423 | C5: -0.0065 | D5: -0.0114 | E5: 0.0138 | G5: =LowMomentumPortfolio!AO6 -> 0.0209375
A6: 197505 | B6: 0.0519 | C6: 0.0383 | D6: -0.041 | E6: -0.0058 | G6: =LowMomentumPortfolio!AO7 -> -0.0097375 | J6: Regression Statistics
A7: 197506 | B7: 0.0483 | C7: 0.0087 | D7: 0.0138 | E7: 0.0004 | G7: =LowMomentumPortfolio!AO8 -> 0.0045375 | J7: Multiple R | K7: 0.71167349
A8: 197507 | B8: -0.0659 | C8: 0.027 | D8: 0.0169 | E8: 0.0042 | G8: =LowMomentumPortfolio!AO9 -> 0.0151875 | J8: R Square | K8: 0.50647916
A9: 197508 | B9: -0.0285 | C9: -0.0325 | D9: -0.0095 | E9: -0.001 | G9: =LowMomentumPortfolio!AO10 -> -0.0186125 | J9: Adjusted R Square | K9: 0.50316137
A10: 197509 | B10: -0.0426 | C10: -0.001 | D10: 0.0039 | E10: 0.0041 | G10: =LowMomentumPortfolio!AO11 -> 0.0180875 | J10: Standard Error | K10: 0.019349677
A11: 197510 | B11: 0.0531 | C11: -0.0403 | D11: 0.0028 | E11: -0.0016 | G11: =LowMomentumPortfolio!AO12 -> -0.010225 | J11: Observations | K11: 600
A12: 197511 | B12: 0.0264 | C12: -0.012 | D12: 0.0203 | E12: -0.0045 | G12: =LowMomentumPortfolio!AO13 -> 0.010475
A13: 197512 | B13: -0.016 | C13: -0.0078 | D13: 0.0169 | E13: -0.0011 | G13: =LowMomentumPortfolio!AO14 -> 0.001175 | J13: ANOVA
A14: 197601 | B14: 0.1216 | C14: 0.0481 | D14: 0.0863 | E14: 0.0445 | G14: =LowMomentumPortfolio!AO15 -> 0.0150125 | K14: df | L14: SS | M14: MS | N14: F | O14: Significance F
A15: 197602 | B15: 0.0032 | C15: 0.0706 | D15: 0.0587 | E15: 0.0038 | G15: =LowMomentumPortfolio!AO16 -> 0.0192875 | J15: Regression | K15: 4 | L15: 0.22862329 | M15: 0.057155823 | N15: 152.65571 | O15: 8.6957607e-90
A16: 197603 | B16: 0.0232 | C16: -0.0116 | D16: -0.0012 | E16: 0.0015 | G16: =LowMomentumPortfolio!AO17 -> -0.013275 | J16: Residual | K16: 595 | L16: 0.22277395 | M16: 0.00037440999
A17: 197604 | B17: -0.0149 | C17: -0.0011 | D17: -0.0016 | E17: 0.0059 | G17: =LowMomentumPortfolio!AO18 -> 0.0030125 | J17: Total | K17: 599 | L17: 0.45139724
A18: 197605 | B18: -0.0134 | C18: -0.0123 | D18: -0.0136 | E18: -0.0112 | G18: =LowMomentumPortfolio!AO19 -> -0.0199375
A19: 197606 | B19: 0.0405 | C19: -0.0132 | D19: 0.0071 | E19: -0.0042 | G19: =LowMomentumPortfolio!AO20 -> -0.02985 | K19: Coefficients | L19: Standard Error | M19: t Stat | N19: P-value | O19: Lower 95% | P19: Upper 95% | Q19: Lower 95.0% | R19: Upper 95.0%
A20: 197607 | B20: -0.0107 | C20: 0.0029 | D20: 0.0173 | E20: -0.0013 | G20: =LowMomentumPortfolio!AO21 -> -0.0085 | J20: Intercept | K20: -0.0001451903 | L20: 0.0008188993 | M20: -0.17729933 | N20: 0.85933361 | O20: -0.0017534749 | P20: 0.0014630943 | Q20: -0.0017534749 | R20: 0.0014630943
A21: 197608 | B21: -0.0056 | C21: -0.02 | D21: 0.0081 | E21: -0.0085 | G21: =LowMomentumPortfolio!AO22 -> -0.0174625 | J21: mktrf | K21: 0.056749025 | L21: 0.018764321 | M21: 3.0243048 | N21: 0.0025994836 | O21: 0.019896669 | P21: 0.093601382 | Q21: 0.019896669 | R21: 0.093601382
A22: 197609 | B22: 0.0207 | C22: -0.0002 | D22: -0.0029 | E22: 0.0022 | G22: =LowMomentumPortfolio!AO23 -> 0.0119125 | J22: smb | K22: 0.055278381 | L22: 0.027352021 | M22: 2.020998 | N22: 0.0437273 | O22: 0.0015601334 | P22: 0.10899663 | Q22: 0.0015601334 | R22: 0.10899663
A23: 197610 | B23: -0.0242 | C23: 0.0022 | D23: -0.0018 | E23: -0.0044 | G23: =LowMomentumPortfolio!AO24 -> 0.0043 | J23: hml | K23: -0.0082249588 | L23: 0.026933144 | M23: -0.30538428 | N23: 0.7601803 | O23: -0.061120549 | P23: 0.044670631 | Q23: -0.061120549 | R23: 0.044670631
A24: 197611 | B24: 0.0036 | C24: 0.0232 | D24: 0.0151 | E24: 0.0291 | G24: =LowMomentumPortfolio!AO25 -> 0.0086875 | J24: umd | K24: 0.45246242 | L24: 0.019148015 | M24: 23.62973 | N24: 1.4290018e-87 | O24: 0.4148565 | P24: 0.49006833 | Q24: 0.4148565 | R24: 0.49006833
A25: 197612 | B25: 0.0565 | C25: 0.0303 | D25: 0.0227 | E25: 0.0073 | G25: =LowMomentumPortfolio!AO26 -> 0.0092625
A26: 197701 | B26: -0.0405 | C26: 0.0476 | D26: 0.0427 | E26: 0.04 | G26: =LowMomentumPortfolio!AO27 -> 0.022325
A27: 197702 | B27: -0.0194 | C27: 0.0104 | D27: 0.0047 | E27: 0.0036 | G27: =LowMomentumPortfolio!AO28 -> -0.0060375
A28: 197703 | B28: -0.0137 | C28: 0.01 | D28: 0.0109 | E28: 0.0055 | G28: =LowMomentumPortfolio!AO29 -> 0.009275
A29: 197704 | B29: 0.0015 | C29: -0.0012 | D29: 0.0338 | E29: 0.0421 | G29: =LowMomentumPortfolio!AO30 -> 0.0329625
A30: 197705 | B30: -0.0145 | C30: 0.0118 | D30: 0.0085 | E30: 0.0203 | G30: =LowMomentumPortfolio!AO31 -> 0.0181875
A31: 197706 | B31: 0.0471 | C31: 0.0209 | D31: -0.0074 | E31: 0.0166 | G31: =LowMomentumPortfolio!AO32 -> 0.0128125
A32: 197707 | B32: -0.0169 | C32: 0.0216 | D32: -0.0056 | E32: 0.0032 | G32: =LowMomentumPortfolio!AO33 -> 0.008925
A33: 197708 | B33: -0.0175 | C33: 0.0148 | D33: -0.027 | E33: -0.017 | G33: =LowMomentumPortfolio!AO34 -> -0.02005
A34: 197709 | B34: -0.0027 | C34: 0.0134 | D34: -0.0052 | E34: 0.02 | G34: =LowMomentumPortfolio!AO35 -> 0.0195875
A35: 197710 | B35: -0.0438 | C35: 0.0125 | D35: 0.0175 | E35: -0.0008 | G35: =LowMomentumPortfolio!AO36 -> 0.0010875
A36: 197711 | B36: 0.04 | C36: 0.0373 | D36: 0.0026 | E36: 0.0201 | G36: =LowMomentumPortfolio!AO37 -> 0.0063875
... A601: 202412 | B601: -0.0317 | C601: -0.0271 | D601: -0.03 | E601: -0.003 | G601: =LowMomentumPortfolio!AO602 -> -0.015125

Sheet Other Factor Returns
A1: date | B1: mktrf | C1: smb | D1: hml | E1: umd
A2: 197501 | B2: 0.1366 | C2: 0.1114 | D2: 0.0828 | E2: -0.1382
A3: 197502 | B3: 0.0556 | C3: 0.0016 | D3: -0.0445 | E3: -0.0061
A4: 197503 | B4: 0.0266 | C4: 0.0379 | D4: 0.0238 | E4: -0.0204
A5: 197504 | B5: 0.0423 | C5: -0.0065 | D5: -0.0114 | E5: 0.0138
A6: 197505 | B6: 0.0519 | C6: 0.0383 | D6: -0.041 | E6: -0.0058
A7: 197506 | B7: 0.0483 | C7: 0.0087 | D7: 0.0138 | E7: 0.0004
A8: 197507 | B8: -0.0659 | C8: 0.027 | D8: 0.0169 | E8: 0.0042
A9: 197508 | B9: -0.0285 | C9: -0.0325 | D9: -0.0095 | E9: -0.001
A10: 197509 | B10: -0.0426 | C10: -0.001 | D10: 0.0039 | E10: 0.0041
A11: 197510 | B11: 0.0531 | C11: -0.0403 | D11: 0.0028 | E11: -0.0016
A12: 197511 | B12: 0.0264 | C12: -0.012 | D12: 0.0203 | E12: -0.0045
A13: 197512 | B13: -0.016 | C13: -0.0078 | D13: 0.0169 | E13: -0.0011
... A601: 202412 | B601: -0.0317 | C601: -0.0271 | D601: -0.03 | E601: -0.003
