Workbook

Sheet ReturnData
A1: Date | B1: Food | C1: Mines | D1: Oil | E1: Clths | F1: Durbl | G1: Chems | H1: Cnsum | I1: Cnstr | J1: Steel | K1: FabPr | L1: Machn | M1: Cars | N1: Trans | O1: Utils | P1: Rtail | Q1: Finan
A2: 197401 | B2: 0.0155 | C2: 0.05 | D2: -0.085 | E2: 0.1032 | F2: -0.018 | G2: 0.0191 | H2: -0.0177 | I2: 0.0623 | J2: 0.049 | K2: -0.0059 | L2: -0.0038 | M2: 0.1175 | N2: 0.0296 | O2: 0.0455 | P2: 0.0675 | Q2: 0.003
A3: 197402 | B3: 0.0013 | C3: 0.0214 | D3: -0.0135 | E3: 0.0129 | F3: -0.0329 | G3: 0.0193 | H3: -0.0136 | I3: 0.0383 | J3: 0.0344 | K3: -0.0031 | L3: -0.0061 | M3: -0.0034 | N3: 0.0695 | O3: 0.0029 | P3: 0.0065 | Q3: 0.0059
A4: 197403 | B4: -0.0238 | C4: -0.0457 | D4: -0.0355 | E4: 0.0064 | F4: -0.0047 | G4: 0.0156 | H4: 0.002 | I4: -0.0066 | J4: -0.0266 | K4: -0.0342 | L4: -0.0283 | M4: 0.0027 | N4: -0.0502 | O4: -0.0364 | P4: -0.0364 | Q4: -0.0412
A5: 197404 | B5: -0.0338 | C5: -0.0716 | D5: -0.0678 | E5: -0.0261 | F5: -0.0552 | G5: 0.0099 | H5: -0.0148 | I5: -0.0444 | J5: 0.0018 | K5: -0.0607 | L5: -0.0339 | M5: -0.0279 | N5: -0.0352 | O5: -0.1219 | P5: -0.0187 | Q5: -0.0684
A6: 197405 | B6: -0.0394 | C6: -0.0784 | D6: -0.0756 | E6: -0.0692 | F6: 0.0018 | G6: -0.0011 | H6: 0.0104 | I6: -0.0675 | J6: -0.0887 | K6: -0.1141 | L6: -0.0463 | M6: 0.0283 | N6: -0.0514 | O6: -0.049 | P6: 0.0189 | Q6: -0.1008
A7: 197406 | B7: -0.0046 | C7: 0.0077 | D7: 0.0008 | E7: -0.0256 | F7: -0.0182 | G7: 0.005 | H7: -0.0051 | I7: -0.0468 | J7: 0.03 | K7: -0.0207 | L7: -0.0263 | M7: -0.0338 | N7: -0.0115 | O7: -0.0618 | P7: -0.0255 | Q7: -0.0681
A8: 197407 | B8: -0.1219 | C8: 0.0494 | D8: -0.0083 | E8: -0.033 | F8: -0.1377 | G8: -0.0437 | H8: -0.1287 | I8: -0.0547 | J8: 0.0398 | K8: -0.07 | L8: -0.0778 | M8: -0.1201 | N8: -0.0653 | O8: 0.0077 | P8: -0.1376 | Q8: -0.0723
A9: 197408 | B9: -0.1218 | C9: -0.0914 | D9: -0.0851 | E9: -0.0618 | F9: -0.1057 | G9: -0.1113 | H9: -0.0817 | I9: -0.0946 | J9: -0.0799 | K9: -0.0814 | L9: -0.0679 | M9: -0.0396 | N9: -0.0938 | O9: -0.0862 | P9: -0.1358 | Q9: -0.1176
A10: 197409 | B10: -0.1346 | C10: -0.1234 | D10: -0.0799 | E10: -0.097 | F10: -0.1826 | G10: -0.1022 | H10: -0.1505 | I10: -0.1067 | J10: -0.0814 | K10: -0.092 | L10: -0.1596 | M10: -0.0994 | N10: -0.0872 | O10: -0.0131 | P10: -0.1257 | Q10: -0.0712
A11: 197410 | B11: 0.1888 | C11: 0.2227 | D11: 0.215 | E11: 0.0476 | F11: 0.1323 | G11: 0.1794 | H11: 0.2897 | I11: 0.1458 | J11: 0.0981 | K11: 0.1491 | L11: 0.1772 | M11: -0.0301 | N11: 0.1563 | O11: 0.1301 | P11: 0.0895 | Q11: 0.2103
A12: 197411 | B12: -0.035 | C12: -0.0168 | D12: -0.0415 | E12: -0.1281 | F12: -0.0726 | G12: -0.1008 | H12: -0.002 | I12: -0.0553 | J12: -0.014 | K12: 0.0028 | L12: -0.0475 | M12: -0.0629 | N12: -0.051 | O12: -0.0013 | P12: -0.0598 | Q12: -0.0212
A13: 197412 | B13: -0.0039 | C13: -0.0595 | D13: 0.012 | E13: -0.0271 | F13: -0.0756 | G13: -0.0378 | H13: -0.0228 | I13: -0.054 | J13: -0.0383 | K13: -0.0034 | L13: -0.0507 | M13: 0.0033 | N13: -0.0601 | O13: -0.0081 | P13: -0.0342 | Q13: -0.0267
... A613: 202412 | B613: -0.048 | C613: -0.1198 | D613: -0.0874 | E613: 0.0139 | F613: -0.0566 | G613: -0.1104 | H613: -0.0541 | I613: -0.1218 | J613: -0.1799 | K613: -0.0903 | L613: -0.0019 | M613: 0.0981 | N613: -0.0665 | O613: -0.0778 | P613: 0.006 | Q613: -0.0733

Sheet Momentum Signal
A1: Date | B1: Food | C1: Mines | D1: Oil | E1: Clths | F1: Durbl | G1: Chems | H1: Cnsum | I1: Cnstr | J1: Steel | K1: FabPr | L1: Machn | M1: Cars | N1: Trans | O1: Utils | P1: Rtail | Q1: Finan
A2: =ReturnData!A14 -> 197501 | B2: =AVERAGE(ReturnData!B2:B12) -> -0.028118182 | C2: =AVERAGE(ReturnData!C2:C12) -> -0.0069181818 | D2: =AVERAGE(ReturnData!D2:D12) -> -0.025127273 | E2: =AVERAGE(ReturnData!E2:E12) -> -0.024609091 | F2: =AVERAGE(ReturnData!F2:F12) -> -0.044863636 | G2: =AVERAGE(ReturnData!G2:G12) -> -0.010072727 | H2: =AVERAGE(ReturnData!H2:H12) -> -0.010181818 | I2: =AVERAGE(ReturnData!I2:I12) -> -0.020927273 | ... Q2: =AVERAGE(ReturnData!Q2:Q12) -> -0.031054545
A3: =ReturnData!A15 -> 197502 | B3: =AVERAGE(ReturnData!B3:B13) -> -0.029881818 | C3: =AVERAGE(ReturnData!C3:C13) -> -0.016872727 | D3: =AVERAGE(ReturnData!D3:D13) -> -0.016309091 | E3: =AVERAGE(ReturnData!E3:E13) -> -0.036454545 | F3: =AVERAGE(ReturnData!F3:F13) -> -0.0501 | G3: =AVERAGE(ReturnData!G3:G13) -> -0.015245455 | H3: =AVERAGE(ReturnData!H3:H13) -> -0.010645455 | I3: =AVERAGE(ReturnData!I3:I13) -> -0.0315 | ... Q3: =AVERAGE(ReturnData!Q3:Q13) -> -0.033754545
A4: =ReturnData!A16 -> 197503 | B4: =AVERAGE(ReturnData!B4:B14) -> -0.011727273 | C4: =AVERAGE(ReturnData!C4:C14) -> -0.0080727273 | D4: =AVERAGE(ReturnData!D4:D14) -> -0.010645455 | E4: =AVERAGE(ReturnData!E4:E14) -> -0.013827273 | F4: =AVERAGE(ReturnData!F4:F14) -> -0.028690909 | G4: =AVERAGE(ReturnData!G4:G14) -> -0.0077181818 | H4: =AVERAGE(ReturnData!H4:H14) -> -0.0072818182 | I4: =AVERAGE(ReturnData!I4:I14) -> -0.011254545 | ... Q4: =AVERAGE(ReturnData!Q4:Q14) -> -0.018590909
A5: =ReturnData!A17 -> 197504 | B5: =AVERAGE(ReturnData!B5:B15) -> -0.0046181818 | C5: =AVERAGE(ReturnData!C5:C15) -> 0.0012909091 | D5: =AVERAGE(ReturnData!D5:D15) -> -0.0052272727 | E5: =AVERAGE(ReturnData!E5:E15) -> -0.012927273 | F5: =AVERAGE(ReturnData!F5:F15) -> -0.016309091 | G5: =AVERAGE(ReturnData!G5:G15) -> -0.00085454545 | H5: =AVERAGE(ReturnData!H5:H15) -> 0.0027818182 | I5: =AVERAGE(ReturnData!I5:I15) -> -0.0076090909 | ... Q5: =AVERAGE(ReturnData!Q5:Q15) -> -0.0146
A6: =ReturnData!A18 -> 197505 | B6: =AVERAGE(ReturnData!B6:B16) -> 0.0035090909 | C6: =AVERAGE(ReturnData!C6:C16) -> 0.016036364 | D6: =AVERAGE(ReturnData!D6:D16) -> -0.0010090909 | E6: =AVERAGE(ReturnData!E6:E16) -> 0.0036272727 | F6: =AVERAGE(ReturnData!F6:F16) -> -0.0068636364 | G6: =AVERAGE(ReturnData!G6:G16) -> 0.0037 | H6: =AVERAGE(ReturnData!H6:H16) -> 0.0061 | I6: =AVERAGE(ReturnData!I6:I16) -> 0.0041090909 | ... Q6: =AVERAGE(ReturnData!Q6:Q16) -> -0.0061
A7: =ReturnData!A19 -> 197506 | B7: =AVERAGE(ReturnData!B7:B17) -> 0.008 | C7: =AVERAGE(ReturnData!C7:C17) -> 0.032427273 | D7: =AVERAGE(ReturnData!D7:D17) -> 0.0126 | E7: =AVERAGE(ReturnData!E7:E17) -> 0.016545455 | F7: =AVERAGE(ReturnData!F7:F17) -> 0.00069090909 | G7: =AVERAGE(ReturnData!G7:G17) -> 0.018590909 | H7: =AVERAGE(ReturnData!H7:H17) -> 0.0064454545 | I7: =AVERAGE(ReturnData!I7:I17) -> 0.013290909 | ... Q7: =AVERAGE(ReturnData!Q7:Q17) -> 0.0042909091
A8: =ReturnData!A20 -> 197507 | B8: =AVERAGE(ReturnData!B8:B18) -> 0.014309091 | C8: =AVERAGE(ReturnData!C8:C18) -> 0.038854545 | D8: =AVERAGE(ReturnData!D8:D18) -> 0.023936364 | E8: =AVERAGE(ReturnData!E8:E18) -> 0.021618182 | F8: =AVERAGE(ReturnData!F8:F18) -> 0.0030181818 | G8: =AVERAGE(ReturnData!G8:G18) -> 0.018372727 | H8: =AVERAGE(ReturnData!H8:H18) -> 0.012509091 | I8: =AVERAGE(ReturnData!I8:I18) -> 0.022418182 | ... Q8: =AVERAGE(ReturnData!Q8:Q18) -> 0.016309091
A9: =ReturnData!A21 -> 197508 | B9: =AVERAGE(ReturnData!B9:B19) -> 0.029818182 | C9: =AVERAGE(ReturnData!C9:C19) -> 0.038281818 | D9: =AVERAGE(ReturnData!D9:D19) -> 0.0308 | E9: =AVERAGE(ReturnData!E9:E19) -> 0.032436364 | F9: =AVERAGE(ReturnData!F9:F19) -> 0.019018182 | G9: =AVERAGE(ReturnData!G9:G19) -> 0.026272727 | H9: =AVERAGE(ReturnData!H9:H19) -> 0.025481818 | I9: =AVERAGE(ReturnData!I9:I19) -> 0.032445455 | ... Q9: =AVERAGE(ReturnData!Q9:Q19) -> 0.028654545
A10: =ReturnData!A22 -> 197509 | B10: =AVERAGE(ReturnData!B10:B20) -> 0.036045455 | C10: =AVERAGE(ReturnData!C10:C20) -> 0.043090909 | D10: =AVERAGE(ReturnData!D10:D20) -> 0.034563636 | E10: =AVERAGE(ReturnData!E10:E20) -> 0.034836364 | F10: =AVERAGE(ReturnData!F10:F20) -> 0.021509091 | G10: =AVERAGE(ReturnData!G10:G20) -> 0.032281818 | H10: =AVERAGE(ReturnData!H10:H20) -> 0.023136364 | I10: =AVERAGE(ReturnData!I10:I20) -> 0.035827273 | ... Q10: =AVERAGE(ReturnData!Q10:Q20) -> 0.032690909
A11: =ReturnData!A23 -> 197510 | B11: =AVERAGE(ReturnData!B11:B21) -> 0.046118182 | C11: =AVERAGE(ReturnData!C11:C21) -> 0.0477 | D11: =AVERAGE(ReturnData!D11:D21) -> 0.041309091 | E11: =AVERAGE(ReturnData!E11:E21) -> 0.039781818 | F11: =AVERAGE(ReturnData!F11:F21) -> 0.034881818 | G11: =AVERAGE(ReturnData!G11:G21) -> 0.043372727 | H11: =AVERAGE(ReturnData!H11:H21) -> 0.033018182 | I11: =AVERAGE(ReturnData!I11:I21) -> 0.044263636 | ... Q11: =AVERAGE(ReturnData!Q11:Q21) -> 0.033581818
A12: =ReturnData!A24 -> 197511 | B12: =AVERAGE(ReturnData!B12:B22) -> 0.026063636 | C12: =AVERAGE(ReturnData!C12:C22) -> 0.025018182 | D12: =AVERAGE(ReturnData!D12:D22) -> 0.020790909 | E12: =AVERAGE(ReturnData!E12:E22) -> 0.036072727 | F12: =AVERAGE(ReturnData!F12:F22) -> 0.019072727 | G12: =AVERAGE(ReturnData!G12:G22) -> 0.019345455 | H12: =AVERAGE(ReturnData!H12:H22) -> 0.0023272727 | I12: =AVERAGE(ReturnData!I12:I22) -> 0.025063636 | ... Q12: =AVERAGE(ReturnData!Q12:Q22) -> 0.0076363636
A13: =ReturnData!A25 -> 197512 | B13: =AVERAGE(ReturnData!B13:B23) -> 0.039945455 | C13: =AVERAGE(ReturnData!C13:C23) -> 0.021990909 | D13: =AVERAGE(ReturnData!D13:D23) -> 0.023227273 | E13: =AVERAGE(ReturnData!E13:E23) -> 0.057372727 | F13: =AVERAGE(ReturnData!F13:F23) -> 0.033654545 | G13: =AVERAGE(ReturnData!G13:G23) -> 0.034718182 | H13: =AVERAGE(ReturnData!H13:H23) -> 0.011345455 | I13: =AVERAGE(ReturnData!I13:I23) -> 0.033872727 | ... Q13: =AVERAGE(ReturnData!Q13:Q23) -> 0.014136364
... A601: =ReturnData!A613 -> 202412 | B601: =AVERAGE(ReturnData!B601:B611) -> 0.0067454545 | C601: =AVERAGE(ReturnData!C601:C611) -> 0.025136364 | D601: =AVERAGE(ReturnData!D601:D611) -> 0.0048090909 | E601: =AVERAGE(ReturnData!E601:E611) -> -0.0093 | F601: =AVERAGE(ReturnData!F601:F611) -> 0.0087454545 | G601: =AVERAGE(ReturnData!G601:G611) -> 0.010572727 | H601: =AVERAGE(ReturnData!H601:H611) -> 0.015981818 | I601: =AVERAGE(ReturnData!I601:I611) -> 0.028736364 | ... Q601: =AVERAGE(ReturnData!Q601:Q611) -> 0.0249

Sheet Monthly Ranks
A1: Date | B1: Food | C1: Mines | D1: Oil | E1: Clths | F1: Durbl | G1: Chems | H1: Cnsum | I1: Cnstr | J1: Steel | K1: FabPr | L1: Machn | M1: Cars | N1: Trans | O1: Utils | P1: Rtail | Q1: Finan
A2: ='Momentum Signal'!A2 -> 197501 | B2: =RANK('Momentum Signal'!B2,'Momentum Signal'!$B2:$Q2) -> 11 | C2: =RANK('Momentum Signal'!C2,'Momentum Signal'!$B2:$Q2) -> 2 | D2: =RANK('Momentum Signal'!D2,'Momentum Signal'!$B2:$Q2) -> 10 | E2: =RANK('Momentum Signal'!E2,'Momentum Signal'!$B2:$Q2) -> 9 | F2: =RANK('Momentum Signal'!F2,'Momentum Signal'!$B2:$Q2) -> 16 | G2: =RANK('Momentum Signal'!G2,'Momentum Signal'!$B2:$Q2) -> 3 | H2: =RANK('Momentum Signal'!H2,'Momentum Signal'!$B2:$Q2) -> 4 | I2: =RANK('Momentum Signal'!I2,'Momentum Signal'!$B2:$Q2) -> 7 | ... Q2: =RANK('Momentum Signal'!Q2,'Momentum Signal'!$B2:$Q2) -> 14
A3: ='Momentum Signal'!A3 -> 197502
A4: ='Momentum Signal'!A4 -> 197503
A5: ='Momentum Signal'!A5 -> 197504
A6: ='Momentum Signal'!A6 -> 197505
A7: ='Momentum Signal'!A7 -> 197506
A8: ='Momentum Signal'!A8 -> 197507
A9: ='Momentum Signal'!A9 -> 197508
A10: ='Momentum Signal'!A10 -> 197509
A11: ='Momentum Signal'!A11 -> 197510
A12: ='Momentum Signal'!A12 -> 197511
A13: ='Momentum Signal'!A13 -> 197512
A14: ='Momentum Signal'!A14 -> 197601
... A601: ='Momentum Signal'!A601 -> 202412

Sheet HighMomentumPortfolio
A1: High Momentum Portfolio Weights | S1: Weights in High Momentum Portfolio * Returns | AK1: Return on High Momentum Portfolio
B2: Food | C2: Mines | D2: Oil | E2: Clths | F2: Durbl | G2: Chems | H2: Cnsum | I2: Cnstr | J2: Steel | K2: FabPr | L2: Machn | M2: Cars | N2: Trans | O2: Utils | P2: Rtail | Q2: Finan | T2: Food | U2: Mines | V2: Oil | W2: Clths | X2: Durbl | Y2: Chems | Z2: Cnsum | AA2: Cnstr | AB2: Steel | AC2: FabPr | AD2: Machn | AE2: Cars | AF2: Trans | AG2: Utils | AH2: Rtail | AI2: Finan | AL2: Return
A3: =ReturnData!A14 -> 197501 | B3: =IF('Monthly Ranks'!B2<=8, 1/8,0) -> 0 | C3: =IF('Monthly Ranks'!C2<=8, 1/8,0) -> 0.125 | D3: =IF('Monthly Ranks'!D2<=8, 1/8,0) -> 0 | E3: =IF('Monthly Ranks'!E2<=8, 1/8,0) -> 0 | F3: =IF('Monthly Ranks'!F2<=8, 1/8,0) -> 0 | G3: =IF('Monthly Ranks'!G2<=8, 1/8,0) -> 0.125 | H3: =IF('Monthly Ranks'!H2<=8, 1/8,0) -> 0.125 | I3: =IF('Monthly Ranks'!I2<=8, 1/8,0) -> 0.125 | ... Q3: =IF('Monthly Ranks'!Q2<=8, 1/8,0) -> 0 | S3: =A3 -> 197501 | T3: =B3*ReturnData!B14 -> 0 | U3: =C3*ReturnData!C14 -> 0.014775 | V3: =D3*ReturnData!D14 -> 0 | W3: =E3*ReturnData!E14 -> 0 | X3: =F3*ReturnData!F14 -> 0 | Y3: =G3*ReturnData!G14 -> 0.0127625 | Z3: =H3*ReturnData!H14 -> 0.002925 | AA3: =I3*ReturnData!I14 -> 0.032625 | ... AI3: =Q3*ReturnData!Q14 -> 0 | AK3: =S3 -> 197501 | AL3: =SUM(T3:AI3) -> 0.1597125
A4: =ReturnData!A15 -> 197502 | S4: =A4 -> 197502 | AK4: =S4 -> 197502
A5: =ReturnData!A16 -> 197503 | S5: =A5 -> 197503 | AK5: =S5 -> 197503
A6: =ReturnData!A17 -> 197504 | S6: =A6 -> 197504 | AK6: =S6 -> 197504
A7: =ReturnData!A18 -> 197505 | S7: =A7 -> 197505 | AK7: =S7 -> 197505
A8: =ReturnData!A19 -> 197506 | S8: =A8 -> 197506 | AK8: =S8 -> 197506
A9: =ReturnData!A20 -> 197507 | S9: =A9 -> 197507 | AK9: =S9 -> 197507
A10: =ReturnData!A21 -> 197508 | S10: =A10 -> 197508 | AK10: =S10 -> 197508
A11: =ReturnData!A22 -> 197509 | S11: =A11 -> 197509 | AK11: =S11 -> 197509
A12: =ReturnData!A23 -> 197510 | S12: =A12 -> 197510 | AK12: =S12 -> 197510
A13: =ReturnData!A24 -> 197511 | S13: =A13 -> 197511 | AK13: =S13 -> 197511
A14: =ReturnData!A25 -> 197512 | S14: =A14 -> 197512 | AK14: =S14 -> 197512
A15: =ReturnData!A26 -> 197601 | S15: =A15 -> 197601 | AK15: =S15 -> 197601
... A602: =ReturnData!A613 -> 202412 | S602: =A602 -> 202412 | AK602: =S602 -> 202412
S603: =A603 -> 0 | AK603: =S603 -> 0
S604: =A604 -> 0 | AK604: =S604 -> 0
S605: =A605 -> 0 | AK605: =S605 -> 0
S606: =A606 -> 0 | AK606: =S606 -> 0
S607: =A607 -> 0 | AK607: =S607 -> 0
S608: =A608 -> 0 | AK608: =S608 -> 0
S609: =A609 -> 0 | AK609: =S609 -> 0
S610: =A610 -> 0 | AK610: =S610 -> 0
S611: =A611 -> 0 | AK611: =S611 -> 0
S612: =A612 -> 0 | AK612: =S612 -> 0
S613: =A613 -> 0 | AK613: =S613 -> 0
S614: =A614 -> 0 | AK614: =S614 -> 0
... S710: =A710 -> 0 | AK710: =S710 -> 0

Sheet LowMomentumPortfolio
A1: Low Momentum Portfolio Weights | S1: Weights in Low Momentum Portfolio * Returns | AK1: Return on Low Momentum Portfolio
A2: Date | B2: Food | C2: Mines | D2: Oil | E2: Clths | F2: Durbl | G2: Chems | H2: Cnsum | I2: Cnstr | J2: Steel | K2: FabPr | L2: Machn | M2: Cars | N2: Trans | O2: Utils | P2: Rtail | Q2: Finan | S2: =A2 -> Date | T2: Food | U2: Mines | V2: Oil | W2: Clths | X2: Durbl | Y2: Chems | Z2: Cnsum | AA2: Cnstr | AB2: Steel | AC2: FabPr | AD2: Machn | AE2: Cars | AF2: Trans | AG2: Utils | AH2: Rtail | AI2: Finan | AK2: =S2 -> Date | AL2: Return
A3: =ReturnData!A14 -> 197501 | B3: 0.125 | C3: 0 | D3: 0.125 | E3: 0.125 | F3: 0.125 | G3: 0 | H3: 0 | I3: 0 | J3: 0 | K3: 0.125 | L3: 0.125 | M3: 0 | N3: 0 | O3: 0 | P3: 0.125 | Q3: 0.125 | S3: =A3 -> 197501 | T3: =B3*ReturnData!B14 -> 0.025125 | U3: =C3*ReturnData!C14 -> 0 | V3: =D3*ReturnData!D14 -> 0.0061 | W3: =E3*ReturnData!E14 -> 0.032725 | X3: =F3*ReturnData!F14 -> 0.025325 | Y3: =G3*ReturnData!G14 -> 0 | Z3: =H3*ReturnData!H14 -> 0 | AA3: =I3*ReturnData!I14 -> 0 | ... AI3: =Q3*ReturnData!Q14 -> 0.0215875 | AK3: =S3 -> 197501 | AL3: 0.1807875
A4: =ReturnData!A15 -> 197502 | S4: =A4 -> 197502 | AK4: =S4 -> 197502
A5: =ReturnData!A16 -> 197503 | S5: =A5 -> 197503 | AK5: =S5 -> 197503
A6: =ReturnData!A17 -> 197504 | S6: =A6 -> 197504 | AK6: =S6 -> 197504
A7: =ReturnData!A18 -> 197505 | S7: =A7 -> 197505 | AK7: =S7 -> 197505
A8: =ReturnData!A19 -> 197506 | S8: =A8 -> 197506 | AK8: =S8 -> 197506
A9: =ReturnData!A20 -> 197507 | S9: =A9 -> 197507 | AK9: =S9 -> 197507
A10: =ReturnData!A21 -> 197508 | S10: =A10 -> 197508 | AK10: =S10 -> 197508
A11: =ReturnData!A22 -> 197509 | S11: =A11 -> 197509 | AK11: =S11 -> 197509
A12: =ReturnData!A23 -> 197510 | S12: =A12 -> 197510 | AK12: =S12 -> 197510
A13: =ReturnData!A24 -> 197511 | S13: =A13 -> 197511 | AK13: =S13 -> 197511
A14: =ReturnData!A25 -> 197512 | S14: =A14 -> 197512 | AK14: =S14 -> 197512
A15: =ReturnData!A26 -> 197601 | S15: =A15 -> 197601 | AK15: =S15 -> 197601
... A602: =ReturnData!A613 -> 202412 | S602: =A602 -> 202412 | AK602: =S602 -> 202412

Sheet Other Factor Returns
A1: date | B1: mktrf | C1: smb | D1: hml | E1: umd
A2: 197501 | B2: 0.1366 | C2: 0.1114 | D2: 0.0828 | E2: -0.1382
A3: 197502 | B3: 0.0556 | C3: 0.0016 | D3: -0.0445 | E3: -0.0061
A4: 197503 | B4: 0.0266 | C4: 0.0379 | D4: 0.0238 | E4: -0.0204
A5: 197504 | B5: 0.0423 | C5: -0.0065 | D5: -0.0114 | E5: 0.0138
A6: 197505 | B6: 0.0519 | C6: 0.0383 | D6: -0.041 | E6: -0.0058
A7: 197506 | B7: 0.0483 | C7: 0.0087 | D7: 0.0138 | E7: 0.0004
A8: 197507 | B8: -0.0659 | C8: 0.027 | D8: 0.0169 | E8: 0.0042
A9: 197508 | B9: -0.0285 | C9: -0.0325 | D9: -0.0095 | E9: -0.001
A10: 197509 | B10: -0.0426 | C10: -0.001 | D10: 0.0039 | E10: 0.0041
A11: 197510 | B11: 0.0531 | C11: -0.0403 | D11: 0.0028 | E11: -0.0016
A12: 197511 | B12: 0.0264 | C12: -0.012 | D12: 0.0203 | E12: -0.0045
A13: 197512 | B13: -0.016 | C13: -0.0078 | D13: 0.0169 | E13: -0.0011
... A601: 202412 | B601: -0.0317 | C601: -0.0271 | D601: -0.03 | E601: -0.003
